Date, USD,Index,CNY,JPY,EUR,KRW,GBP,SGD,INR,THB,NZD,TWD,MYR,IDR,VND,AED,PGK,HKD,CAD,ZAR,CHF,PHP,SDR
03-Jan-2023,0.6828,61.40,4.6994,88.48,0.6400,867.16,0.5656,0.9134,56.51,23.47,1.0760,20.97,2.9975,10635,16039,,,5.3316,,,0.6310,38.07,0.5131
04-Jan-2023,0.6809,61.50,4.6906,89.08,0.6439,866.04,0.5678,0.9138,56.41,23.33,1.0851,20.88,2.9990,10634,16022,,,5.3222,,,0.6351,38.12,0.5120
05-Jan-2023,0.6815,61.50,4.6916,90.17,0.6426,865.90,0.5661,0.9145,56.41,23.08,1.0852,20.92,3.0000,10644,16002,,,5.3276,,,0.6341,38.12,0.5106
06-Jan-2023,0.6769,61.20,4.6378,90.63,0.6431,856.58,0.5677,0.9100,55.92,23.00,1.0839,20.79,2.9753,10582,15887,,,5.2853,,,0.6338,37.66,0.5077
09-Jan-2023,0.6929,62.00,4.7029,91.25,0.6490,862.65,0.5707,0.9221,57.08,23.22,1.0830,21.15,3.0325,10794,16252,,,5.4091,,,0.6415,38.20,0.5224
10-Jan-2023,0.6904,61.70,4.6750,91.13,0.6434,857.24,0.5678,0.9196,56.77,23.08,1.0833,21.03,3.0205,10763,16190,,,5.3909,,,0.6364,37.88,0.5156
11-Jan-2023,0.6911,61.70,4.6803,91.43,0.6435,860.03,0.5684,0.9192,56.50,23.12,1.0832,21.04,3.0225,10691,16206,,,5.3985,,,0.6373,37.96,0.5152
12-Jan-2023,0.6923,61.70,4.6780,91.00,0.6427,861.73,0.5690,0.9209,56.52,23.10,1.0854,21.07,3.0236,10616,16231,,,5.4082,,,0.6444,38.20,0.5161
13-Jan-2023,0.6955,61.70,4.6815,89.87,0.6416,864.99,0.5705,0.9206,56.63,23.08,1.0913,21.14,3.0185,10559,16305,,,5.4322,,,0.6465,38.32,0.5174
16-Jan-2023,0.6988,61.70,4.6820,89.22,0.6439,863.33,0.5700,0.9205,56.85,22.95,1.0910,21.17,3.0136,10509,16378,,,5.4571,,,0.6458,38.13,0.5182
17-Jan-2023,0.6973,61.90,4.7156,89.73,0.6441,862.78,0.5718,0.9216,57.04,23.05,1.0892,21.15,3.0176,10561,16343,,,5.4504,,,0.6453,38.16,0.5171
18-Jan-2023,0.6994,62.30,4.7430,91.86,0.6492,868.97,0.5694,0.9259,57.15,23.16,1.0838,21.21,3.0305,10579,16390,,,5.4727,,,0.6456,38.38,0.5185
19-Jan-2023,0.6904,61.20,4.6743,88.39,0.6395,853.10,0.5598,0.9130,56.18,22.82,1.0756,20.98,2.9794,10427,16197,,,5.4040,,,0.6323,37.70,0.5115
20-Jan-2023,0.6918,61.40,4.6963,89.28,0.6387,855.24,0.5593,0.9155,56.21,22.77,1.0799,21.01,2.9712,10459,16219,,,5.4189,,,0.6344,37.77,0.5128
23-Jan-2023,0.6983,61.90,4.7376,90.50,0.6409,862.78,0.5620,0.9197,56.62,22.82,1.0781,21.21,2.9922,10527,16371,,,5.4670,,,0.6410,37.98,0.5179
24-Jan-2023,0.7033,62.40,4.7715,91.65,0.6468,868.96,0.5679,0.9277,57.43,23.07,1.0822,21.36,3.0136,10509,16488,,,5.5078,,,0.6482,38.36,0.5209
25-Jan-2023,0.7102,63.00,4.8184,92.65,0.6516,875.80,0.5762,0.9362,57.92,23.33,1.0941,21.57,3.0354,10628,16650,,,5.5616,,,0.6553,38.81,0.5263
27-Jan-2023,0.7107,63.00,4.8217,92.41,0.6540,875.32,0.5741,0.9345,57.99,23.37,1.0954,21.58,3.0095,10645,16666,,,5.5652,,,0.6555,38.66,0.5254
30-Jan-2023,0.7092,62.70,4.7864,91.84,0.6521,870.86,0.5718,0.9309,57.92,23.21,1.0917,21.38,3.0052,10617,16633,,,5.5542,,,0.6528,38.64,0.5249
31-Jan-2023,0.7037,62.40,4.7547,91.69,0.6488,866.47,0.5702,0.9249,57.49,23.05,1.0912,21.15,2.9907,10542,16500,,,5.5145,,,0.6509,38.36,0.5206
01-Feb-2023,0.7068,62.60,4.7705,92.06,0.6504,870.37,0.5739,0.9290,57.84,23.27,1.0982,21.20,3.0177,10589,16574,,,5.5426,,,0.6476,38.60,0.5242
02-Feb-2023,0.7150,62.90,4.7982,91.84,0.6488,871.26,0.5771,0.9324,58.47,23.40,1.0943,21.20,3.0312,10621,16767,,,5.6068,,,0.6486,38.53,0.5290
03-Feb-2023,0.7062,62.40,4.7636,90.78,0.6483,867.43,0.5783,0.9265,58.09,23.28,1.0910,20.95,3.0141,10519,16560,,,5.5408,,,0.6457,37.89,0.5203
06-Feb-2023,0.6943,61.90,4.7062,91.44,0.6431,866.51,0.5758,0.9186,57.25,23.24,1.0968,20.79,2.9568,10446,16308,,,5.4489,,,0.6425,37.67,0.5129
07-Feb-2023,0.6931,62.00,4.7032,91.68,0.6458,871.19,0.5756,0.9202,57.35,23.31,1.0967,20.83,2.9786,10499,16314,,,5.4392,,,0.6425,38.02,0.5166
08-Feb-2023,0.6964,62.20,4.7208,91.33,0.6488,876.07,0.5777,0.9225,57.54,23.34,1.1007,20.93,2.9935,10525,16430,,,5.4660,,,0.6418,38.23,0.5202
09-Feb-2023,0.6954,62.20,4.7204,91.40,0.6480,878.82,0.5754,0.9220,57.46,23.34,1.0963,20.94,2.9954,10517,16425,,,5.4585,,,0.6396,38.14,0.5182
10-Feb-2023,0.6923,62.00,4.7125,91.19,0.6459,875.89,0.5724,0.9201,57.16,23.34,1.0978,20.89,2.9980,10485,16328,,,5.4345,,,0.6394,37.77,0.5153
13-Feb-2023,0.6908,62.10,4.7195,91.28,0.6475,882.54,0.5736,0.9207,57.15,23.38,1.0956,20.90,3.0133,10511,16284,,,5.4228,,,0.6393,37.88,0.5155
14-Feb-2023,0.6975,62.50,4.7534,92.06,0.6495,884.07,0.5741,0.9257,57.67,23.58,1.0986,21.06,3.0331,10580,16468,,,5.4753,,,0.6403,38.19,0.5217
15-Feb-2023,0.6937,62.50,4.7482,92.34,0.6472,890.57,0.5707,0.9244,57.48,23.68,1.1006,21.05,3.0405,10546,16387,,,5.4442,,,0.6403,38.26,0.5170
16-Feb-2023,0.6922,62.40,4.7411,92.65,0.6464,887.75,0.5745,0.9233,57.21,23.71,1.0984,20.95,3.0446,10506,16354,,,5.4329,,,0.6383,38.16,0.5176
17-Feb-2023,0.6843,62.00,4.7064,92.15,0.6432,889.45,0.5726,0.9168,56.62,23.65,1.0998,20.80,3.0328,10397,16283,,,5.3710,,,0.6357,37.84,0.5120
20-Feb-2023,0.6892,62.30,4.7309,92.39,0.6449,892.18,0.5728,0.9209,57.01,23.67,1.1040,20.94,3.0521,10453,16344,,,5.3957,,,0.6372,38.00,0.5178
21-Feb-2023,0.6896,62.40,4.7384,92.64,0.6463,893.09,0.5733,0.9225,57.07,23.85,1.1044,20.97,3.0563,10467,16361,,,5.4069,,,0.6369,37.93,0.5181
22-Feb-2023,0.6839,62.00,4.7141,92.26,0.6417,892.07,0.5648,0.9160,56.63,23.70,1.0983,20.87,3.0341,10406,16239,,,5.3654,,,0.6336,37.68,0.5127
23-Feb-2023,0.6830,61.90,4.7007,92.05,0.6430,884.83,0.5662,0.9139,56.53,23.60,1.0928,20.72,3.0281,10371,16272,,,5.3579,,,0.6347,37.59,0.5127
24-Feb-2023,0.6814,62.00,4.7208,91.76,0.6428,888.51,0.5668,0.9154,56.38,23.73,1.0927,20.78,3.0212,10370,16213,,,5.3472,,,0.6364,37.42,0.5121
27-Feb-2023,0.6711,61.40,4.6775,91.49,0.6361,885.42,0.5616,0.9063,55.66,23.57,1.0923,20.45,3.0028,10253,15982,,,5.2661,,,0.6316,37.25,0.5054
28-Feb-2023,0.6730,61.40,4.6690,91.68,0.6354,890.12,0.5586,0.9076,55.66,23.63,1.0932,20.51,3.0183,10257,16004,,,5.2816,,,0.6303,37.16,0.5074
01-Mar-2023,0.6750,61.60,4.6666,92.08,0.6375,893.07,0.5606,0.9091,55.72,23.65,1.0875,20.67,3.0284,10296,16058,,,5.2985,,,0.6350,37.13,0.5080
02-Mar-2023,0.6746,61.40,4.6506,92.04,0.6334,884.95,0.5619,0.9075,55.69,23.48,1.0827,20.68,3.0200,10301,15995,,,5.2953,,,0.6355,37.15,0.5057
03-Mar-2023,0.6744,61.40,4.6569,92.20,0.6357,880.04,0.5635,0.9084,55.53,23.47,1.0835,20.67,3.0203,10328,15999,,,5.2938,,,0.6347,37.02,0.5071
06-Mar-2023,0.6756,61.40,4.6694,91.64,0.6347,876.20,0.5614,0.9085,55.27,23.44,1.0874,20.65,3.0181,10333,16015,,,5.3034,,,0.6322,37.05,0.5080
07-Mar-2023,0.6713,61.10,4.6561,91.30,0.6280,871.62,0.5573,0.9028,54.99,23.15,1.0820,20.53,3.0054,10308,15880,,,5.2696,,,0.6242,36.98,0.5048
08-Mar-2023,0.6591,60.50,4.5964,90.84,0.6256,871.08,0.5575,0.8936,54.12,23.13,1.0807,20.29,2.9808,10182,15657,,,5.1739,,,0.6217,36.53,0.4954
09-Mar-2023,0.6610,60.50,4.6061,90.42,0.6264,872.75,0.5576,0.8949,54.11,23.17,1.0794,20.35,2.9896,10198,15674,,,5.1889,,,0.6215,36.53,0.4995
10-Mar-2023,0.6599,60.40,4.5963,90.12,0.6228,876.27,0.5532,0.8942,54.13,23.16,1.0802,20.38,2.9814,10204,15630,,,5.1800,,,0.6132,36.42,0.4977
13-Mar-2023,0.6665,60.30,4.5854,89.41,0.6219,867.43,0.5501,0.8960,54.59,23.04,1.0757,20.38,2.9879,10239,15699,,,5.2294,,,0.6112,36.59,0.5022
14-Mar-2023,0.6649,60.20,4.5694,89.02,0.6213,868.67,0.5470,0.8962,54.80,22.97,1.0707,20.26,2.9807,10221,15678,,,5.2160,,,0.6079,36.58,0.4977
15-Mar-2023,0.6692,60.60,4.6070,90.03,0.6228,871.16,0.5501,0.8983,55.18,23.09,1.0754,20.47,2.9930,10284,15786,,,5.2531,,,0.6116,36.73,0.5004
16-Mar-2023,0.6637,60.20,4.5807,88.13,0.6260,870.28,0.5495,0.8964,54.87,22.89,1.0771,20.33,2.9913,10218,15650,,,5.2091,,,0.6173,36.46,0.4986
17-Mar-2023,0.6714,60.70,4.6094,89.34,0.6305,872.91,0.5527,0.9008,55.40,22.96,1.0756,20.50,3.0082,10306,15838,,,5.2700,,,0.6221,36.69,0.5037
20-Mar-2023,0.6683,60.50,4.6129,88.05,0.6263,877.41,0.5486,0.8968,55.16,22.84,1.0691,20.42,2.9977,10277,15761,,,5.2446,,,0.6188,36.54,0.5008
21-Mar-2023,0.6691,60.40,4.6051,87.83,0.6246,876.15,0.5460,0.8962,55.29,22.93,1.0769,20.45,2.9959,10276,15782,,,5.2455,,,0.6221,36.41,0.4994
22-Mar-2023,0.6695,60.50,4.6106,88.70,0.6216,875.95,0.5473,0.8949,55.35,23.04,1.0798,20.41,2.9917,10273,15740,,,5.2538,,,0.6179,36.61,0.4990
23-Mar-2023,0.6741,60.40,4.6046,88.13,0.6182,862.30,0.5470,0.8926,55.44,22.99,1.0731,20.44,2.9822,10344,15848,,,5.2907,,,0.6170,36.71,0.5023
24-Mar-2023,0.6687,60.00,4.5769,87.01,0.6172,861.58,0.5443,0.8878,54.98,22.80,1.0720,20.28,2.9600,10151,15711,,,5.2488,,,0.6123,36.31,0.4962
27-Mar-2023,0.6650,59.90,4.5745,86.92,0.6176,864.15,0.5434,0.8868,54.73,22.84,1.0722,20.18,2.9450,10091,15634,,,5.2201,,,0.6109,36.18,0.4957
28-Mar-2023,0.6689,60.20,4.6037,87.37,0.6187,868.75,0.5431,0.8887,54.99,22.94,1.0738,20.29,2.9415,10094,15722,,,5.2507,,,0.6115,36.38,0.4985
29-Mar-2023,0.6703,60.30,4.6158,88.28,0.6184,871.42,0.5437,0.8906,55.16,22.99,1.0708,20.41,2.9499,10115,15742,,,5.2615,,,0.6171,36.48,0.4985
30-Mar-2023,0.6687,60.30,4.6074,88.66,0.6169,871.68,0.5431,0.8893,55.06,22.90,1.0756,20.38,2.9597,10068,15698,,,5.2492,,,0.6145,36.38,0.4970
31-Mar-2023,0.6712,60.30,4.6051,89.10,0.6156,869.30,0.5415,0.8908,55.18,22.90,1.0683,20.44,2.9597,10051,15748,,,5.2688,,,0.6135,36.45,0.4988
03-Apr-2023,0.6663,60.20,4.5912,88.95,0.6172,878.25,0.5425,0.8889,54.92,22.97,1.0723,20.29,2.9469,9991,15645,,,5.2305,,,0.6124,36.34,0.4953
04-Apr-2023,0.6765,61.00,4.6570,89.90,0.6214,890.26,0.5455,0.8985,55.70,23.19,1.0743,20.60,2.9820,10085,15877,,,5.3101,,,0.6185,36.92,0.5030
05-Apr-2023,0.6736,60.50,4.6339,88.61,0.6148,882.36,0.5392,0.8925,55.36,22.86,1.0616,20.51,2.9617,10050,15803,,,5.2876,,,0.6100,36.62,0.4996
06-Apr-2023,0.6694,60.20,4.6061,87.85,0.6144,883.04,0.5376,0.8902,54.87,22.67,1.0654,20.43,2.9484,9993,15698,,,5.2547,,,0.6071,36.43,0.4959
11-Apr-2023,0.6677,60.20,4.5966,88.98,0.6128,881.97,0.5377,0.8885,54.79,22.90,1.0719,20.35,2.9489,9933,15657,,,5.2414,,,0.6057,36.51,0.4954
12-Apr-2023,0.6671,60.20,4.5940,89.26,0.6101,884.15,0.5361,0.8885,54.73,22.82,1.0763,20.37,2.9456,9907,15642,,,5.2367,,,0.6017,36.74,0.4949
13-Apr-2023,0.6701,60.30,4.6068,89.33,0.6101,880.41,0.5367,0.8896,54.94,22.95,1.0792,20.46,2.9505,9907,15709,,,5.2602,,,0.6013,37.09,0.4974
14-Apr-2023,0.6783,60.70,4.6385,89.85,0.6125,880.80,0.5409,0.8987,55.52,23.23,1.0744,20.61,2.9777,9947,15903,,,5.3246,,,0.6019,37.46,0.5018
17-Apr-2023,0.6715,60.50,4.6141,89.94,0.6111,880.80,0.5407,0.8939,55.04,23.05,1.0832,20.47,2.9674,9926,15769,,,5.2712,,,0.6000,37.40,0.4957
18-Apr-2023,0.6733,60.80,4.6265,90.46,0.6153,887.13,0.5433,0.8979,55.25,23.19,1.0868,20.54,2.9884,10001,15831,,,5.2853,,,0.6044,37.83,0.4990
19-Apr-2023,0.6727,60.70,4.6304,90.45,0.6137,888.40,0.5422,0.8972,55.23,23.17,1.0854,20.56,2.9811,9986,15812,,,5.2803,,,0.6039,37.73,0.4986
20-Apr-2023,0.6715,60.70,4.6256,90.45,0.6126,890.13,0.5399,0.8960,55.19,23.12,1.0889,20.55,2.9788,9968,15785,,,5.2711,,,0.6018,37.83,0.4988
21-Apr-2023,0.6708,60.60,4.6201,89.76,0.6120,890.62,0.5394,0.8946,55.10,23.04,1.0900,20.54,2.9765,9958,15759,,,5.2646,,,0.5994,37.58,0.4974
24-Apr-2023,0.6676,60.40,4.6062,89.71,0.6081,891.25,0.5372,0.8920,54.79,23.03,1.0894,20.47,2.9623,9911,15676,,,5.2391,,,0.5956,37.37,0.4952
26-Apr-2023,0.6609,59.80,4.5739,88.32,0.6014,883.26,0.5318,0.8838,54.15,22.64,1.0776,20.30,2.9483,9839,15521,,,5.1879,,,0.5887,36.73,0.4897
27-Apr-2023,0.6627,59.90,4.5836,88.58,0.5992,887.46,0.5308,0.8844,54.12,22.60,1.0777,20.33,2.9537,9752,15554,,,5.2021,,,0.5901,36.94,0.4904
28-Apr-2023,0.6610,59.80,4.5709,89.22,0.6002,884.79,0.5301,0.8828,54.02,22.58,1.0764,20.33,2.9467,9676,15507,,,5.1888,,,0.5915,36.70,0.4892
01-May-2023,0.6639,60.20,4.5893,90.90,0.6032,888.63,0.5288,0.8859,54.30,22.67,1.0729,20.41,2.9625,9739,15578,,,5.2115,,,0.5938,36.75,0.4929
02-May-2023,0.6705,60.80,4.6349,92.28,0.6105,898.50,0.5366,0.8955,54.83,22.92,1.0825,20.64,2.9888,9858,15733,,,5.2634,,,0.6006,37.08,0.4975
03-May-2023,0.6664,60.30,4.6066,90.60,0.6047,890.70,0.5336,0.8890,54.53,22.69,1.0693,20.49,2.9715,9804,15636,,,5.2312,,,0.5940,36.88,0.4956
04-May-2023,0.6690,60.30,4.6174,89.95,0.6036,885.48,0.5315,0.8881,54.67,22.77,1.0707,20.52,2.9805,9790,15687,,,5.2514,,,0.5907,36.96,0.4957
05-May-2023,0.6735,60.70,4.6550,90.25,0.6101,890.77,0.5344,0.8924,55.09,22.92,1.0680,20.64,2.9897,9878,15794,,,5.2863,,,0.5955,37.20,0.4981
08-May-2023,0.6775,61.10,4.6857,91.29,0.6137,894.84,0.5356,0.8978,55.41,22.98,1.0734,20.77,3.0064,9961,15889,,,5.3167,,,0.6027,37.47,0.5014
09-May-2023,0.6778,61.20,4.6925,91.43,0.6165,896.39,0.5373,0.8982,55.54,22.85,1.0693,20.79,3.0107,10003,15898,,,5.3193,,,0.6028,37.71,0.5014
10-May-2023,0.6764,61.10,4.6872,91.54,0.6168,896.03,0.5360,0.8978,55.48,22.77,1.0665,20.78,3.0123,9980,15870,,,5.2979,,,0.6023,37.74,0.5013
11-May-2023,0.6775,61.20,4.6965,90.99,0.6171,895.49,0.5367,0.8981,55.58,22.83,1.0632,20.81,3.0183,9968,15899,,,5.3052,,,0.6033,37.72,0.5027
12-May-2023,0.6690,60.60,4.6473,90.11,0.6124,892.81,0.5343,0.8914,54.98,22.70,1.0697,20.57,2.9941,9866,15693,,,5.2462,,,0.5969,37.33,0.4968
15-May-2023,0.6682,60.70,4.6487,91.00,0.6148,891.89,0.5358,0.8943,54.95,22.56,1.0750,20.58,3.0072,9899,15673,,,5.2404,,,0.5996,37.37,0.4968
16-May-2023,0.6674,60.70,4.6474,90.70,0.6139,893.45,0.5335,0.8924,54.86,22.62,1.0702,20.56,3.0050,9885,15654,,,5.2301,,,0.5978,37.49,0.4971
17-May-2023,0.6639,60.60,4.6459,90.82,0.6117,889.13,0.5326,0.8912,54.69,22.73,1.0651,20.46,3.0018,9879,15569,,,5.2025,,,0.5955,37.33,0.4942
18-May-2023,0.6647,60.70,4.6621,91.41,0.6138,887.07,0.5331,0.8930,54.85,22.77,1.0633,20.45,3.0091,9881,15577,,,5.2035,,,0.5980,37.22,0.4966
19-May-2023,0.6634,60.80,4.6697,91.74,0.6160,880.62,0.5349,0.8946,54.89,22.88,1.0630,20.37,3.0201,9911,15558,,,5.1792,,,0.6001,36.97,0.4964
22-May-2023,0.6640,60.70,4.6647,91.62,0.6142,876.41,0.5337,0.8934,55.00,22.89,1.0575,20.36,3.0158,9896,15564,,,5.1924,,,0.5968,37.04,0.4970
23-May-2023,0.6650,60.90,4.6900,92.16,0.6153,872.58,0.5350,0.8950,55.08,23.08,1.0596,20.42,3.0351,9883,15591,,,5.2062,,,0.5978,36.99,0.4974
24-May-2023,0.6598,60.40,4.6467,91.24,0.6118,867.87,0.5306,0.8880,54.55,22.74,1.0706,20.31,3.0239,9826,15495,,,5.1699,,,0.5943,36.77,0.4947
25-May-2023,0.6527,60.00,4.6137,91.08,0.6077,864.86,0.5287,0.8828,54.02,22.67,1.0728,20.12,3.0165,9757,15325,,,5.1135,,,0.5915,36.52,0.4897
26-May-2023,0.6515,59.90,4.5979,91.01,0.6068,862.94,0.5280,0.8810,53.89,22.57,1.0733,20.01,3.0155,9746,15297,,,5.1040,,,0.5895,36.37,0.4897
29-May-2023,0.6547,60.20,4.6249,91.88,0.6098,867.22,0.5299,0.8851,54.06,22.74,1.0789,20.07,3.0141,9801,15368,,,5.1273,,,0.5923,36.70,0.4917
30-May-2023,0.6509,60.10,4.6185,91.58,0.6090,862.56,0.5279,0.8819,53.89,22.67,1.0796,19.93,3.0059,9756,15286,,,5.0986,,,0.5897,36.72,0.4888
31-May-2023,0.6495,59.80,4.6096,90.56,0.6072,858.99,0.5239,0.8790,53.68,22.52,1.0814,19.95,2.9994,9736,15257,,,5.0876,,,0.5897,36.48,0.4880
01-Jun-2023,0.6511,60.00,4.6264,90.97,0.6098,860.88,0.5240,0.8805,53.70,22.64,1.0843,20.01,3.0048,9762,15292,,,5.0993,,,0.5932,36.59,0.4905
02-Jun-2023,0.6612,60.60,4.6757,91.84,0.6138,863.24,0.5274,0.8892,54.43,22.86,1.0846,20.26,3.0346,9913,15519,,,5.1780,,,0.5980,36.97,0.4972
05-Jun-2023,0.6607,60.80,4.6967,92.55,0.6174,863.33,0.5315,0.8923,54.54,22.82,1.0897,20.29,3.0237,9833,15528,,,5.1787,,,0.6017,37.09,0.4952
06-Jun-2023,0.6661,61.30,4.7373,92.92,0.6211,871.43,0.5352,0.8981,55.04,23.16,1.0943,20.45,3.0627,9882,15642,,,5.2233,,,0.6025,37.44,0.5015
07-Jun-2023,0.6678,61.50,4.7557,92.94,0.6248,870.40,0.5378,0.9005,55.09,23.23,1.0998,20.53,3.0751,9932,15682,,,5.2359,,,0.6060,37.47,0.5025
08-Jun-2023,0.6662,61.40,4.7523,93.14,0.6220,868.58,0.5353,0.8980,55.01,23.24,1.1013,20.49,3.0762,9924,15648,,,5.2203,,,0.6058,37.40,0.5008
09-Jun-2023,0.6708,61.60,4.7778,93.45,0.6224,867.26,0.5344,0.9006,55.30,23.21,1.1008,20.63,3.0937,9960,15754,,,5.2565,,,0.6031,37.55,0.5043
13-Jun-2023,0.6761,62.20,4.8441,94.30,0.6270,861.74,0.5395,0.9075,55.72,23.36,1.1040,20.78,3.1259,10052,15888,,,5.2975,,,0.6129,37.88,0.5073
14-Jun-2023,0.6767,62.30,4.8501,94.81,0.6280,865.55,0.5369,0.9087,55.70,23.44,1.1012,20.79,3.1267,10079,15907,,,5.2994,,,0.6128,37.88,0.5075
15-Jun-2023,0.6821,62.80,4.8780,96.33,0.6304,872.42,0.5392,0.9163,56.06,23.74,1.1010,20.97,3.1602,10193,16048,,,5.3384,,,0.6161,38.18,0.5114
16-Jun-2023,0.6888,63.10,4.9088,96.93,0.6296,878.07,0.5387,0.9209,56.41,23.87,1.1042,21.15,3.1823,10296,16206,,,5.3863,,,0.6143,38.47,0.5161
19-Jun-2023,0.6865,63.00,4.9071,97.24,0.6275,878.37,0.5354,0.9192,56.27,23.85,1.1035,21.14,3.1685,10290,16148,,,5.3660,,,0.6135,38.27,0.5120
20-Jun-2023,0.6803,62.60,4.8816,96.63,0.6226,871.59,0.5323,0.9132,55.86,23.65,1.1015,21.04,3.1563,10239,16001,,,5.3204,,,0.6100,37.95,0.5074
21-Jun-2023,0.6783,62.60,4.8798,96.13,0.6216,877.22,0.5315,0.9114,55.68,23.63,1.0972,21.01,3.1534,10158,15957,,,5.3076,,,0.6094,37.71,0.5069
22-Jun-2023,0.6765,62.30,4.8569,95.92,0.6158,875.05,0.5304,0.9077,55.42,23.62,1.0929,20.91,3.1471,10106,15905,,,5.2955,,,0.6040,37.65,0.5061
23-Jun-2023,0.6697,61.90,4.8080,96.03,0.6125,873.90,0.5271,0.9040,54.94,23.59,1.0909,20.70,3.1308,10041,15751,,,5.2438,,,0.6010,37.23,0.4995
26-Jun-2023,0.6679,61.80,4.8202,95.74,0.6123,870.23,0.5245,0.9028,54.74,23.53,1.0841,20.70,3.1304,10037,15716,,,5.2294,,,0.5982,37.22,0.5009
27-Jun-2023,0.6712,62.10,4.8406,96.39,0.6148,872.63,0.5273,0.9059,55.02,23.61,1.0852,20.81,3.1311,10063,15797,,,5.2558,,,0.6013,37.20,0.5030
28-Jun-2023,0.6646,61.60,4.8040,95.68,0.6068,868.68,0.5221,0.8979,54.49,23.54,1.0874,20.68,3.1027,9964,15648,,,5.2047,,,0.5944,36.77,0.4973
29-Jun-2023,0.6614,61.50,4.7944,95.59,0.6072,871.49,0.5238,0.8957,54.27,23.61,1.0880,20.56,3.0902,9916,15574,,,5.1809,,,0.5941,36.67,0.4954
30-Jun-2023,0.6630,61.70,4.8079,95.92,0.6099,874.21,0.5250,0.8986,54.40,23.62,1.0883,20.63,3.1022,9940,15636,,,5.1951,,,0.5957,36.67,0.4971
03-Jul-2023,0.6664,61.90,4.8307,96.35,0.6112,871.89,0.5251,0.9008,54.55,23.45,1.0852,20.75,3.1111,10014,15734,,,5.2203,,,0.5972,36.81,0.5010
04-Jul-2023,0.6653,61.70,4.8130,96.23,0.6106,866.57,0.5244,0.8990,54.54,23.26,1.0818,20.72,3.1030,9996,15747,,,5.2092,,,0.5968,36.75,0.5002
05-Jul-2023,0.6688,62.00,4.8384,96.75,0.6145,868.38,0.5264,0.9037,54.93,23.33,1.0789,20.83,3.1082,10040,15904,,,5.2364,,,0.6000,37.04,0.5028
06-Jul-2023,0.6661,61.80,4.8284,95.73,0.6136,866.66,0.5241,0.9010,54.92,23.43,1.0766,20.84,3.1044,10029,15803,,,5.2070,,,0.5978,36.99,0.5000
07-Jul-2023,0.6635,61.60,4.8041,95.26,0.6094,865.79,0.5207,0.8976,54.86,23.38,1.0766,20.75,3.0992,10035,15702,,,5.1909,,,0.5945,36.86,0.4976
10-Jul-2023,0.6657,61.70,4.8199,95.02,0.6082,869.80,0.5201,0.8984,55.01,23.44,1.0777,20.90,3.1088,10112,15732,,,5.2121,,,0.5935,37.06,0.4989
11-Jul-2023,0.6682,61.60,4.8133,94.12,0.6071,864.63,0.5194,0.8971,55.05,23.31,1.0767,20.94,3.1155,10123,15812,,,5.2291,,,0.5913,36.95,0.4996
12-Jul-2023,0.6709,61.70,4.8253,93.58,0.6085,865.60,0.5179,0.8976,55.22,23.42,1.0798,20.97,3.1210,10122,15887,,,5.2525,,,0.5889,36.97,0.4998
13-Jul-2023,0.6808,62.30,4.8839,94.50,0.6117,869.33,0.5240,0.9059,55.92,23.61,1.0760,21.13,3.1364,10203,16110,,,5.3241,,,0.5903,37.17,0.5067
14-Jul-2023,0.6889,62.60,4.9105,94.96,0.6140,870.03,0.5251,0.9087,56.55,23.83,1.0767,21.24,3.1142,10287,16282,,,5.3849,,,0.5915,37.42,0.5096
17-Jul-2023,0.6814,62.10,4.8873,94.43,0.6066,862.50,0.5204,0.9009,56.00,23.65,1.0731,21.15,3.1062,10220,16106,,,5.3228,,,0.5865,37.05,0.5031
18-Jul-2023,0.6821,62.10,4.8926,94.44,0.6063,860.82,0.5211,0.9015,55.96,23.36,1.0781,21.12,3.0926,10229,16121,,,5.3320,,,0.5859,37.11,0.5037
19-Jul-2023,0.6794,62.10,4.8960,94.69,0.6047,858.71,0.5215,0.8995,55.77,23.07,1.0858,21.12,3.0843,10188,16067,,,5.3052,,,0.5824,37.08,0.5013
20-Jul-2023,0.6828,62.30,4.9002,95.15,0.6087,864.96,0.5277,0.9032,56.01,23.19,1.0843,21.21,3.1081,10230,16145,,,5.3322,,,0.5847,37.19,0.5057
21-Jul-2023,0.6775,62.10,4.8590,94.99,0.6080,870.00,0.5261,0.8988,55.58,23.24,1.0885,21.19,3.0852,10185,16026,,,5.2943,,,0.5866,37.03,0.5015
24-Jul-2023,0.6736,61.90,4.8482,95.36,0.6051,863.13,0.5231,0.8965,55.19,23.23,1.0907,21.14,3.0858,10123,15939,,,5.2657,,,0.5833,36.88,0.5005
25-Jul-2023,0.6768,62.00,4.8350,95.70,0.6111,865.69,0.5271,0.8995,55.33,23.35,1.0888,21.16,3.0906,10155,16022,,,5.2880,,,0.5880,36.94,0.5033
26-Jul-2023,0.6763,62.00,4.8402,95.32,0.6113,863.32,0.5242,0.8980,55.45,23.24,1.0871,21.13,3.0846,10161,16012,,,5.2808,,,0.5837,36.93,0.5033
27-Jul-2023,0.6793,62.10,4.8488,95.22,0.6126,867.40,0.5247,0.8996,55.70,23.15,1.0879,21.21,3.0765,10196,16072,,,5.2960,,,0.5850,37.06,0.5046
28-Jul-2023,0.6669,61.10,4.7695,92.80,0.6070,851.95,0.5213,0.8874,54.87,22.73,1.0812,20.95,3.0311,10060,15800,,,5.2013,,,0.5792,36.56,0.4944
31-Jul-2023,0.6682,61.30,4.7770,94.75,0.6066,850.46,0.5198,0.8896,54.96,22.88,1.0784,20.99,3.0276,10086,15823,,,5.2123,,,0.5822,36.64,0.4975
01-Aug-2023,0.6673,61.40,4.7823,95.28,0.6067,856.01,0.5203,0.8890,54.91,22.84,1.0775,21.06,3.0115,10090,15798,,,5.2026,,,0.5817,36.51,0.4969
02-Aug-2023,0.6581,60.70,4.7267,94.03,0.5986,852.42,0.5153,0.8797,54.28,22.61,1.0776,20.83,2.9881,9991,15617,,,5.1315,,,0.5755,36.22,0.4912
03-Aug-2023,0.6538,60.40,4.6998,93.84,0.5976,848.33,0.5144,0.8779,54.07,22.58,1.0753,20.68,2.9797,9934,15537,,,5.1024,,,0.5737,36.23,0.4883
04-Aug-2023,0.6573,60.70,4.7192,93.65,0.6002,860.34,0.5166,0.8817,54.41,22.83,1.0793,20.85,2.9874,9971,15608,,,5.1315,,,0.5747,36.61,0.4919
08-Aug-2023,0.6531,60.50,4.7104,93.60,0.5937,859.14,0.5119,0.8782,54.08,22.84,1.0763,20.77,2.9866,9945,15501,,,5.1012,,,0.5701,36.74,0.4880
09-Aug-2023,0.6556,60.70,4.7249,93.80,0.5972,863.22,0.5138,0.8822,54.30,22.95,1.0788,20.83,3.0023,9966,15561,,,5.1234,,,0.5730,36.91,0.4907
10-Aug-2023,0.6545,60.70,4.7205,94.25,0.5958,862.89,0.5144,0.8820,54.23,23.01,1.0795,20.81,2.9937,9954,15543,,,5.1172,,,0.5737,36.84,0.4894
11-Aug-2023,0.6522,60.60,4.7148,94.41,0.5932,863.12,0.5141,0.8799,53.99,22.89,1.0854,20.73,2.9897,9929,15492,,,5.0987,,,0.5716,36.69,0.4869
14-Aug-2023,0.6475,60.40,4.6988,93.78,0.5920,861.08,0.5106,0.8770,53.71,22.72,1.0855,20.68,2.9872,9924,15405,,,5.0611,,,0.5677,36.86,0.4845
15-Aug-2023,0.6512,60.80,4.7396,94.72,0.5967,866.49,0.5132,0.8830,54.02,22.99,1.0882,20.79,3.0154,9994,15545,,,5.0943,,,0.5716,36.97,0.4883
16-Aug-2023,0.6451,60.40,4.7073,93.81,0.5910,863.08,0.5073,0.8764,53.51,22.84,1.0808,20.55,2.9946,9875,15484,,,5.0485,,,0.5665,36.65,0.4842
17-Aug-2023,0.6385,59.90,4.6708,93.42,0.5872,856.62,0.5018,0.8696,53.07,22.68,1.0796,20.41,2.9671,9758,15286,,,5.0004,,,0.5618,36.19,0.4794
18-Aug-2023,0.6407,59.90,4.6642,93.13,0.5887,856.55,0.5026,0.8693,53.23,22.68,1.0804,20.42,2.9761,9806,15245,,,5.0153,,,0.5630,36.15,0.4815
21-Aug-2023,0.6400,59.90,4.6775,93.06,0.5882,858.79,0.5024,0.8691,53.19,22.57,1.0825,20.44,2.9782,9812,15226,,,5.0139,,,0.5646,35.95,0.4812
22-Aug-2023,0.6417,60.10,4.6772,93.74,0.5884,858.78,0.5025,0.8705,53.31,22.54,1.0816,20.48,2.9849,9835,15337,,,5.0273,,,0.5635,36.09,0.4820
23-Aug-2023,0.6441,60.30,4.6913,93.82,0.5930,862.44,0.5051,0.8735,53.41,22.49,1.0820,20.56,2.9976,9868,15462,,,5.0478,,,0.5666,36.48,0.4839
24-Aug-2023,0.6479,60.40,4.7121,94.06,0.5960,855.75,0.5091,0.8759,53.48,22.61,1.0858,20.56,3.0082,9882,15545,,,5.0793,,,0.5679,36.75,0.4882
25-Aug-2023,0.6417,60.10,4.6734,93.75,0.5947,849.39,0.5101,0.8700,53.04,22.52,1.0860,20.42,2.9833,9814,15399,,,5.0334,,,0.5685,36.37,0.4825
28-Aug-2023,0.6431,60.20,4.6868,94.15,0.5949,851.08,0.5104,0.8717,53.13,22.66,1.0865,20.48,2.9914,9834,15446,,,5.0453,,,0.5680,36.39,0.4847
29-Aug-2023,0.6446,60.30,4.6986,94.38,0.5956,851.91,0.5107,0.8728,53.26,22.66,1.0885,20.56,2.9974,9835,15586,,,5.0572,,,0.5694,36.56,0.4860
30-Aug-2023,0.6475,60.60,4.7209,94.70,0.5958,856.95,0.5129,0.8756,53.60,22.73,1.0879,20.64,3.0047,9867,15644,,,5.0802,,,0.5693,36.75,0.4883
31-Aug-2023,0.6485,60.60,4.7267,94.63,0.5940,857.80,0.5099,0.8755,53.60,22.65,1.0885,20.67,3.0081,9880,15603,,,5.0881,,,0.5696,36.74,0.4875
01-Sep-2023,0.6471,60.40,4.6985,94.17,0.5966,851.76,0.5109,0.8738,53.50,22.69,1.0859,20.59,3.0035,9872,15585,,,5.0751,,,0.5715,36.63,0.4866
04-Sep-2023,0.6474,60.50,4.7026,94.64,0.6002,853.60,0.5134,0.8761,53.57,22.75,1.0879,20.64,3.0146,9872,15593,,,5.0756,,,0.5728,36.64,0.4868
05-Sep-2023,0.6401,60.00,4.6681,94.00,0.5935,849.12,0.5075,0.8693,53.04,22.66,1.0844,20.43,2.9832,9766,15428,,,5.0174,,,0.5668,36.36,0.4813
06-Sep-2023,0.6403,60.10,4.6771,94.15,0.5962,851.02,0.5087,0.8706,53.18,22.69,1.0847,20.46,2.9873,9795,15412,,,5.0211,,,0.5687,36.47,0.4841
07-Sep-2023,0.6380,60.10,4.6740,94.16,0.5951,852.01,0.5105,0.8708,53.06,22.71,1.0850,20.44,2.9839,9786,15350,,,5.0021,,,0.5689,36.28,0.4823
08-Sep-2023,0.6407,60.30,4.7046,94.29,0.5974,853.89,0.5124,0.8730,53.28,22.79,1.0848,20.55,2.9959,9828,15444,,,5.0213,,,0.5705,36.30,0.4853
11-Sep-2023,0.6437,60.40,4.6892,94.12,0.6000,856.54,0.5144,0.8754,53.34,22.83,1.0857,20.58,3.0093,9881,15485,,,5.0442,,,0.5738,36.47,0.4877
12-Sep-2023,0.6425,60.30,4.6832,94.33,0.5984,852.37,0.5137,0.8748,53.31,22.85,1.0881,20.57,3.0050,9859,15482,,,5.0312,,,0.5728,36.42,0.4859
13-Sep-2023,0.6409,60.20,4.6653,94.41,0.5965,851.38,0.5132,0.8727,53.16,22.88,1.0866,20.50,2.9996,9849,15484,,,5.0157,,,0.5714,36.29,0.4850
14-Sep-2023,0.6441,60.40,4.6851,94.76,0.5993,853.30,0.5153,0.8755,53.44,23.00,1.0854,20.52,3.0147,9890,15590,,,5.0411,,,0.5744,36.52,0.4870
15-Sep-2023,0.6467,60.70,4.6985,95.33,0.6068,857.38,0.5204,0.8804,53.71,23.15,1.0898,20.67,3.0275,9938,15686,,,5.0614,,,0.5788,36.78,0.4890
18-Sep-2023,0.6445,60.60,4.6967,95.16,0.6041,854.03,0.5200,0.8785,53.62,22.99,1.0892,20.59,3.0202,9906,15655,,,5.0432,,,0.5779,36.65,0.4887
19-Sep-2023,0.6431,60.50,4.6928,95.04,0.6022,852.86,0.5195,0.8780,53.55,23.05,1.0871,20.60,3.0197,9893,15695,,,5.0265,,,0.5772,36.52,0.4876
20-Sep-2023,0.6452,60.80,4.7092,95.44,0.6041,858.41,0.5209,0.8809,53.72,23.39,1.0864,20.68,3.0289,9937,15701,,,5.0461,,,0.5793,36.64,0.4888
21-Sep-2023,0.6403,60.40,4.6754,94.99,0.6021,859.28,0.5197,0.8760,53.22,23.18,1.0847,20.60,3.0024,9863,15537,,,5.0091,,,0.5761,36.45,0.4852
22-Sep-2023,0.6425,60.60,4.6922,95.14,0.6033,858.15,0.5231,0.8778,53.29,23.28,1.0820,20.68,3.0130,9884,15626,,,5.0238,,,0.5813,36.49,0.4880
25-Sep-2023,0.6418,60.60,4.6897,95.21,0.6030,856.39,0.5245,0.8770,53.34,23.14,1.0796,20.64,3.0065,9882,15644,,,5.0165,,,0.5829,36.42,0.4877
26-Sep-2023,0.6414,60.70,4.6886,95.54,0.6058,864.52,0.5259,0.8775,53.38,23.31,1.0765,20.67,3.0085,9917,15673,,,5.0150,,,0.5856,36.53,0.4875
27-Sep-2023,0.6379,60.40,4.6599,95.10,0.6041,860.32,0.5252,0.8744,53.08,23.33,1.0757,20.56,3.0023,9907,15557,,,4.9888,,,0.5852,36.31,0.4857
28-Sep-2023,0.6377,60.40,4.6606,95.23,0.6068,860.51,0.5251,0.8746,53.04,23.44,1.0725,20.56,3.0027,9897,15569,,,4.9914,,,0.5871,36.32,0.4863
29-Sep-2023,0.6458,61.10,4.7130,96.33,0.6106,871.44,0.5284,0.8814,53.66,23.65,1.0763,20.85,3.0275,10008,15710,,,5.0542,,,0.5900,36.57,0.4925
03-Oct-2023,0.6316,59.90,4.6094,94.67,0.6037,852.28,0.5235,0.8686,52.55,23.46,1.0687,20.43,2.9849,9860,15408,,,4.9456,,,0.5807,35.93,0.4818
04-Oct-2023,0.6321,60.00,4.6131,94.29,0.6037,859.97,0.5232,0.8686,52.61,23.49,1.0710,20.49,2.9911,9878,15423,,,4.9503,,,0.5825,35.85,0.4836
05-Oct-2023,0.6372,60.30,4.6503,94.66,0.6056,859.70,0.5242,0.8727,53.02,23.55,1.0711,20.57,3.0092,9940,15544,,,4.9890,,,0.5825,36.10,0.4867
06-Oct-2023,0.6368,60.30,4.6474,94.74,0.6042,859.18,0.5230,0.8710,52.98,23.52,1.0688,20.50,3.0047,9951,15527,,,4.9869,,,0.5817,36.08,0.4861
09-Oct-2023,0.6350,60.10,4.6337,94.74,0.6019,857.25,0.5207,0.8691,52.84,23.56,1.0644,20.46,3.0013,9956,15478,,,4.9721,,,0.5781,36.11,0.4839
10-Oct-2023,0.6411,60.60,4.6721,95.36,0.6070,866.16,0.5243,0.8761,53.37,23.67,1.0657,20.66,3.0359,10075,15645,,,5.0156,,,0.5810,36.46,0.4886
11-Oct-2023,0.6421,60.60,4.6837,95.60,0.60560000000000003,860.21000000000004,0.52229999999999999,0.87539999999999996,53.450000000000003,23.40,1.0657000000000001,20.579999999999998,3.0348999999999999,10081,15688,,,5.0198,,,0.58109999999999995,36.439999999999998,0.48859999999999998
12-Oct-2023,0.6423,60.60,4.6885,95.79,0.6042,860.20,0.5214,0.8747,53.40,23.19,1.0675,20.64,3.0313,10085,15698,,,5.0224,,,0.5784,36.46,0.4885
13-Oct-2023,0.6317,59.80,4.6153,94.54,0.5988,852.76,0.5177,0.8647,52.58,22.85,1.0680,20.35,2.9902,9920,15448,,,4.9412,,,0.5727,35.89,0.4803
16-Oct-2023,0.6323,59.90,4.6214,94.49,0.6007,856.53,0.5200,0.8659,52.64,22.91,1.0675,20.40,2.9965,9938,15472,,,4.9453,,,0.5701,35.91,0.4827
17-Oct-2023,0.6355,60.20,4.6473,95.04,0.6025,859.56,0.5210,0.8699,52.89,23.18,1.0768,20.53,3.0088,9991,15562,,,4.9690,,,0.5727,36.06,0.4850
18-Oct-2023,0.6379,60.40,4.6598,95.47,0.6030,861.87,0.5237,0.8728,53.09,23.19,1.0801,20.63,3.0272,10034,15629,,,4.9909,,,0.5736,36.19,0.4865
19-Oct-2023,0.6303,59.90,4.6113,94.43,0.5983,856.28,0.5198,0.8660,52.48,22.94,1.0817,20.42,3.0015,9989,15490,,,4.9343,,,0.5666,35.84,0.4807
20-Oct-2023,0.6316,59.90,4.6216,94.66,0.5972,854.86,0.5205,0.8673,52.55,23.02,1.0834,20.43,3.0149,10018,15490,,,4.9400,,,0.5640,35.88,0.4820
23-Oct-2023,0.6311,59.90,4.6181,94.63,0.5967,855.07,0.5194,0.8664,52.47,23.04,1.0840,20.42,3.0170,10065,15531,,,4.9387,,,0.5646,35.88,0.4812
24-Oct-2023,0.6359,60.20,4.6443,95.16,0.5955,853.97,0.5185,0.8682,52.90,22.98,1.0857,20.53,3.0390,10103,15632,,,4.9739,,,0.5664,36.09,0.4845
25-Oct-2023,0.6386,60.50,4.6695,95.69,0.6021,860.55,0.5245,0.8731,53.07,23.08,1.0907,20.66,3.0500,10133,15690,,,4.9967,,,0.5701,36.28,0.4860
26-Oct-2023,0.6278,59.70,4.5942,94.44,0.5953,853.48,0.5197,0.8618,52.25,22.81,1.0862,20.40,3.0056,10005,15449,,,4.9109,,,0.5639,35.75,0.4788
27-Oct-2023,0.6345,60.20,4.6427,95.28,0.6004,856.64,0.5227,0.8688,52.82,22.98,1.0895,20.57,3.0313,10117,15592,,,4.9615,,,0.5702,36.09,0.4846
30-Oct-2023,0.6353,60.30,4.6491,95.02,0.6017,859.24,0.5243,0.8694,52.89,22.90,1.0901,20.60,3.0231,10118,15602,,,4.9691,,,0.5738,36.19,0.4849
31-Oct-2023,0.6346,60.20,4.6436,95.29,0.5990,858.04,0.5227,0.8678,52.84,22.92,1.0893,20.57,3.0231,10095,15589,,,4.9656,,,0.5727,36.06,0.4838
01-Nov-2023,0.6332,60.20,4.6345,95.82,0.5992,859.73,0.5217,0.8676,52.73,23.00,1.0904,20.56,3.0232,10100,15567,,,4.9543,,,0.5761,35.92,0.4819
02-Nov-2023,0.6424,60.90,4.7010,96.64,0.6063,862.71,0.5275,0.8773,53.47,23.14,1.0921,20.77,3.0530,10183,15789,,,5.0251,,,0.5803,36.44,0.4907
03-Nov-2023,0.6433,60.80,4.7048,96.68,0.6053,849.45,0.5273,0.8768,53.56,23.04,1.0905,20.75,3.0489,10146,15808,,,5.0338,,,0.5825,36.12,0.4896
06-Nov-2023,0.6510,61.10,4.7396,97.36,0.6064,845.41,0.5261,0.8798,54.16,23.07,1.0864,20.88,3.0369,10107,15891,,,5.0916,,,0.5842,36.33,0.4952
07-Nov-2023,0.6439,60.60,4.6869,96.77,0.6014,842.66,0.5223,0.8715,53.60,22.87,1.0851,20.75,3.0060,10047,15640,,,5.0352,,,0.5798,36.21,0.4873
08-Nov-2023,0.6440,60.60,4.6841,96.93,0.6023,840.16,0.5243,0.8723,53.62,22.87,1.0842,20.75,3.0091,10069,15694,,,5.0340,,,0.5800,36.08,0.4891
09-Nov-2023,0.6416,60.40,4.6732,96.83,0.5991,838.57,0.5223,0.8698,53.43,22.76,1.0823,20.68,3.0062,10037,15641,,,5.0112,,,0.5770,35.85,0.4874
10-Nov-2023,0.6361,60.10,4.6386,96.28,0.5961,837.16,0.5202,0.8654,52.97,22.75,1.0789,20.58,3.0033,9977,15473,,,4.9665,,,0.5747,35.58,0.4832
13-Nov-2023,0.6360,60.10,4.6408,96.52,0.5952,842.41,0.5201,0.8659,52.97,23.00,1.0794,20.58,2.9947,9995,15503,,,4.9672,,,0.5741,35.69,0.4836
14-Nov-2023,0.6372,60.30,4.6475,96.64,0.5957,845.90,0.5192,0.8674,53.10,23.02,1.0853,20.60,3.0076,10003,15535,,,4.9747,,,0.5750,35.73,0.4842
15-Nov-2023,0.6500,60.90,4.7044,97.87,0.5975,844.21,0.5203,0.8760,53.99,23.05,1.0787,20.81,3.0290,10077,15784,,,5.0723,,,0.5777,36.27,0.4934
16-Nov-2023,0.6471,60.80,4.6979,97.88,0.5971,842.33,0.5221,0.8744,53.84,23.04,1.0816,20.65,3.0478,10097,15720,,,5.0515,,,0.5749,36.15,0.4878
17-Nov-2023,0.6468,60.60,4.6860,97.38,0.5960,835.23,0.5214,0.8719,53.86,22.74,1.0854,20.57,3.0299,10028,15685,,,5.0428,,,0.5747,35.98,0.4883
20-Nov-2023,0.6550,61.00,4.7013,97.58,0.5997,844.33,0.5246,0.8784,54.54,22.99,1.0862,20.69,3.0556,10096,15831,,,5.1042,,,0.5788,36.33,0.4936
21-Nov-2023,0.6577,60.90,4.6916,96.97,0.6001,846.51,0.5249,0.8786,54.82,23.09,1.0844,20.60,3.0567,10152,15857,,,5.1243,,,0.5809,36.41,0.4941
22-Nov-2023,0.6555,60.90,4.6789,97.26,0.6007,849.21,0.5229,0.8771,54.59,23.05,1.0847,20.63,3.0591,10212,15842,,,5.1120,,,0.5790,36.35,0.4916
23-Nov-2023,0.6554,61.00,4.6824,97.77,0.6011,851.81,0.5242,0.8789,54.62,23.11,1.0835,20.70,3.0715,10220,15877,,,5.1096,,,0.5787,36.35,0.4925
24-Nov-2023,0.6563,61.10,4.6925,98.02,0.6019,856.25,0.5234,0.8804,54.71,23.25,1.0841,20.76,3.0761,10221,15930,,,5.1166,,,0.5801,36.38,0.4931
27-Nov-2023,0.6575,61.20,4.7035,97.97,0.6006,858.70,0.5215,0.8802,54.82,23.18,1.0839,20.77,3.0787,10224,15939,,,5.1201,,,0.5800,36.43,0.4940
28-Nov-2023,0.6623,61.50,4.7365,98.15,0.6046,855.86,0.5244,0.8844,55.22,23.13,1.0852,20.82,3.0946,10233,16055,,,5.1622,,,0.5830,36.71,0.4966
29-Nov-2023,0.6650,61.40,4.7355,97.81,0.6044,856.75,0.5230,0.8843,55.39,23.08,1.0729,20.69,3.0906,10240,16110,,,5.1853,,,0.5830,36.81,0.4987
30-Nov-2023,0.6648,61.50,4.7378,97.77,0.6061,858.54,0.5234,0.8856,55.40,23.22,1.0761,20.78,3.0940,10300,16131,,,5.1919,,,0.5803,36.87,0.4974
01-Dec-2023,0.6611,61.40,4.7192,97.89,0.6062,863.47,0.5230,0.8842,55.08,23.32,1.0725,20.77,3.0949,10272,16061,,,5.1644,,,0.5781,36.64,0.4958
04-Dec-2023,0.6656,61.70,4.7503,97.71,0.6122,867.66,0.5251,0.8884,55.46,23.24,1.0742,20.86,3.1034,10292,16133,,,5.2013,,,0.5794,36.83,0.4996
05-Dec-2023,0.6584,61.20,4.7040,96.89,0.6072,865.35,0.5210,0.8813,54.89,23.00,1.0700,20.72,3.0714,10201,15981,,,5.1455,,,0.5743,36.42,0.4941
06-Dec-2023,0.6581,61.20,4.7107,96.92,0.6096,863.99,0.5221,0.8823,54.87,23.14,1.0675,20.72,3.0753,10202,15982,,,5.1415,,,0.5758,36.42,0.4949
07-Dec-2023,0.6529,60.80,4.6754,95.80,0.6067,865.06,0.5203,0.8767,54.43,23.09,1.0665,20.60,3.0533,10142,15851,,,5.1008,,,0.5716,36.12,0.4918
08-Dec-2023,0.6618,61.30,4.7354,95.12,0.6137,863.72,0.5257,0.8846,55.16,23.28,1.0726,20.72,3.0886,10257,16047,,,5.1704,,,0.5794,36.60,0.4981
11-Dec-2023,0.6555,61.00,4.7111,95.43,0.6090,865.03,0.5229,0.8806,54.66,23.16,1.0730,20.65,3.0684,10236,15878,,,5.1189,,,0.5769,36.43,0.4931
12-Dec-2023,0.6591,61.30,4.7302,95.93,0.6122,867.52,0.5241,0.8849,54.95,23.50,1.0722,20.76,3.0876,10304,16002,,,5.1443,,,0.5782,36.64,0.4966
13-Dec-2023,0.6555,61.10,4.7084,95.50,0.6077,864.51,0.5224,0.8811,54.66,23.42,1.0749,20.67,3.0851,10239,15916,,,5.1198,,,0.5740,36.58,0.4932
14-Dec-2023,0.6712,61.90,4.7879,95.12,0.6158,869.96,0.5311,0.8928,55.93,23.59,1.0767,20.98,3.1301,10417,16256,,,5.2410,,,0.5829,37.43,0.5055
15-Dec-2023,0.6717,61.70,4.7730,95.19,0.6107,868.38,0.5260,0.8914,55.96,23.42,1.0803,20.97,3.1331,10403,16295,,,5.2444,,,0.5815,37.41,0.5018
18-Dec-2023,0.6714,61.90,4.7866,95.44,0.6152,871.16,0.5288,0.8946,55.72,23.45,1.0765,21.01,3.1455,10413,16318,,,5.2387,,,0.5838,37.49,0.5007
19-Dec-2023,0.6724,62.10,4.8028,96.44,0.6156,878.69,0.5310,0.8956,55.94,23.52,1.0793,21.09,3.1472,10424,16382,,,5.2418,,,0.5829,37.59,0.5031
20-Dec-2023,0.6775,62.50,4.8334,97.21,0.6176,879.92,0.5325,0.8996,56.32,23.67,1.0788,21.20,3.1548,10512,16492,,,5.2873,,,0.5835,37.80,0.5069
21-Dec-2023,0.6748,62.30,4.8226,96.42,0.6163,879.46,0.5338,0.8973,56.18,23.58,1.0799,21.11,3.1392,10480,16421,,,5.2681,0.9013,,,37.55,0.5048
22-Dec-2023,0.6782,62.50,4.8481,96.56,0.6165,882.30,0.5345,0.8994,56.45,23.55,1.0789,21.16,3.1431,10499,16463,,,5.2968,0.9011,,,37.59,0.5065
27-Dec-2023,0.6837,62.90,4.8870,97.50,0.6192,885.23,0.5370,0.9047,56.93,23.55,1.0791,21.13,3.1676,10538,16665,,,5.3394,0.9017,,,38.12,0.5096
28-Dec-2023,0.6842,62.60,4.8709,96.62,0.6158,882.30,0.5342,0.9018,57.00,23.37,1.0782,20.90,3.1590,10557,16628,,,5.3465,0.9035,,,38.00,0.5099
29-Dec-2023,0.6840,62.60,4.8544,96.77,0.6181,881.06,0.5366,0.9014,56.88,23.35,1.0768,21.00,3.1416,10572,16604,,,5.3448,0.9048,,,37.93,0.5098
02-Jan-2024,0.6820,62.60,4.8595,96.54,0.6188,887.90,0.5364,0.9017,56.82,23.37,1.0819,20.99,3.1389,10556,16596,,,5.3283,0.9040,,,37.91,0.5083
03-Jan-2024,0.6763,62.30,4.8335,95.97,0.6169,884.71,0.5350,0.8968,56.35,23.16,1.0790,20.97,3.1338,10475,16475,,,5.2851,0.9014,,,37.68,0.5050
04-Jan-2024,0.6738,62.20,4.8218,96.74,0.6167,882.61,0.5318,0.8957,56.14,23.31,1.0755,20.90,3.1268,10464,16431,,,5.2606,0.8988,,,37.46,0.5043
05-Jan-2024,0.6698,62.00,4.8012,97.02,0.6122,881.68,0.5283,0.8913,55.75,23.17,1.0755,20.79,3.1139,10396,16315,,,5.2313,0.8952,,,37.31,0.5011
08-Jan-2024,0.6699,62.00,4.7947,96.79,0.6127,882.06,0.5274,0.8918,55.66,23.42,1.0746,20.75,3.1154,10400,16305,,,5.2302,0.8959,,,37.27,0.5020
09-Jan-2024,0.6719,62.10,4.8103,96.49,0.6131,881.92,0.5271,0.8924,55.83,23.43,1.0749,20.83,3.1220,10427,16364,,,5.2471,0.8974,,,37.57,0.5029
10-Jan-2024,0.6703,62.10,4.8090,97.06,0.6131,884.60,0.5277,0.8927,55.75,23.49,1.0735,20.86,3.1162,10434,16344,,,5.2410,0.8970,,,37.72,0.5017
11-Jan-2024,0.6720,62.20,4.8129,97.70,0.6121,884.09,0.5264,0.8936,55.80,23.55,1.0754,20.89,3.1194,10456,16444,,,5.2528,0.8981,,,37.71,0.5030
12-Jan-2024,0.6704,62.00,4.8023,97.21,0.6107,881.24,0.5249,0.8919,55.64,23.50,1.0735,20.84,3.1130,10427,16425,,,5.2415,0.8970,,,37.56,0.5012
15-Jan-2024,0.6693,62.00,4.7986,97.15,0.6106,883.96,0.5247,0.8914,55.45,23.31,1.0741,20.94,3.1122,10413,16384,,,5.2334,0.8963,,,37.45,0.5010
16-Jan-2024,0.6615,61.50,4.7523,96.66,0.6059,880.60,0.5216,0.8847,54.88,23.24,1.0730,20.84,3.1001,10312,16210,,,5.1756,0.8910,,,37.02,0.4951
17-Jan-2024,0.6571,61.40,4.7281,96.82,0.6045,884.79,0.5205,0.8832,54.61,23.38,1.0714,20.76,3.0986,10276,16125,,,5.1419,0.8869,,,36.80,0.4934
18-Jan-2024,0.6558,61.30,4.7193,97.01,0.6020,881.32,0.5171,0.8813,54.53,23.37,1.0714,20.70,3.0934,10253,16110,,,5.1280,0.8849,,,36.62,0.4928
19-Jan-2024,0.6579,61.50,4.7341,97.61,0.6043,879.04,0.5177,0.8830,54.70,23.39,1.0787,20.66,3.1036,10282,16149,,,5.1457,0.8874,,,36.80,0.4942
22-Jan-2024,0.6594,61.50,4.7450,97.49,0.6048,881.20,0.5185,0.8839,54.77,23.44,1.0782,20.65,3.1153,10305,16175,,,5.1542,0.8860,,,37.08,0.4953
23-Jan-2024,0.6602,61.60,4.7326,97.66,0.6059,881.00,0.5187,0.8844,54.87,23.50,1.0823,20.71,3.1247,10339,16215,,,5.1615,0.8890,,,37.18,0.4958
24-Jan-2024,0.6575,61.40,4.7176,97.24,0.6052,880.09,0.5176,0.8814,54.66,23.56,1.0775,20.61,3.1126,10329,16184,,,5.1428,0.8857,,,36.98,0.4939
25-Jan-2024,0.6575,61.30,4.7093,97.17,0.6046,878.50,0.5173,0.8812,54.66,23.53,1.0768,20.58,3.1110,10382,16176,,,5.1406,0.8888,,,37.02,0.4932
29-Jan-2024,0.6590,61.50,4.7334,97.58,0.6077,880.92,0.5186,0.8837,54.80,23.46,1.0809,20.58,3.1181,10433,16195,,,5.1503,0.8863,,,37.22,0.4948
30-Jan-2024,0.6609,61.60,4.7441,97.41,0.6105,879.98,0.5202,0.8853,54.94,23.36,1.0769,20.61,3.1251,10434,16169,,,5.1645,0.8862,,,37.30,0.4972
31-Jan-2024,0.6574,61.40,4.7211,97.05,0.6075,877.50,0.5184,0.8814,54.64,23.32,1.0745,20.55,3.1098,10374,16057,,,5.1392,0.8821,,,37.05,0.4942
01-Feb-2024,0.6553,61.10,4.7040,96.19,0.6063,872.74,0.5168,0.8782,54.37,23.27,1.0702,20.56,3.1015,10333,15991,,,5.1222,0.8805,,,36.81,0.4927
02-Feb-2024,0.6597,61.40,4.7363,96.61,0.6067,874.01,0.5175,0.8812,54.66,23.33,1.0723,20.58,3.1197,10337,16097,,,5.1581,0.8824,,,36.89,0.4964
05-Feb-2024,0.6508,60.90,4.6841,96.60,0.6038,867.63,0.5162,0.8749,54.04,23.23,1.0718,20.42,3.0952,10215,15863,,,5.0910,0.8770,,,36.61,0.4883
06-Feb-2024,0.6515,60.90,4.6866,96.73,0.6061,864.51,0.5190,0.8766,54.10,23.25,1.0730,20.40,3.1008,10245,15867,,,5.0954,0.8805,,,36.69,0.4918
07-Feb-2024,0.6529,61.00,4.6936,96.61,0.6068,866.79,0.5180,0.8770,54.20,23.17,1.0703,20.48,3.1120,10243,15967,,,5.1059,0.8805,,,36.60,0.4931
08-Feb-2024,0.6523,61.00,4.6930,96.86,0.6051,866.15,0.5165,0.8767,54.11,23.34,1.0672,20.46,3.1089,10199,15932,,,5.1012,0.8777,,,36.46,0.4918
09-Feb-2024,0.6492,60.80,4.6721,97.00,0.6027,862.30,0.5146,0.8745,53.88,23.35,1.0608,20.36,3.0993,10150,15857,,,5.0775,0.8741,,,36.30,0.4900
12-Feb-2024,0.6518,61.00,4.6908,97.26,0.6040,865.75,0.5161,0.8769,54.10,23.39,1.0635,20.44,3.1058,10180,15920,,,5.0975,0.8775,,,36.59,0.4918
13-Feb-2024,0.6516,61.00,4.6894,97.45,0.6054,865.18,0.5167,0.8772,54.10,23.31,1.0684,20.43,3.1055,10155,15915,,,5.0946,0.8771,,,36.51,0.4916
14-Feb-2024,0.6464,60.70,4.6519,97.25,0.6033,864.00,0.5129,0.8726,53.71,23.32,1.0642,20.27,3.0927,10081,15788,,,5.0536,0.8765,,,36.32,0.4875
15-Feb-2024,0.6485,60.80,4.6671,97.37,0.6046,864.72,0.5162,0.8741,53.83,23.43,1.0661,20.37,3.0989,10132,15853,,,5.0708,0.8784,,,36.30,0.4908
16-Feb-2024,0.6518,61.10,4.6908,97.93,0.6058,869.23,0.5180,0.8776,54.11,23.52,1.0689,20.45,3.1146,10193,15974,,,5.0984,0.8789,,,36.48,0.4928
19-Feb-2024,0.6544,61.30,4.7093,98.18,0.6072,873.69,0.5187,0.8804,54.33,23.52,1.0658,20.54,3.1303,10231,16050,,,5.1183,0.8822,,,36.67,0.4940
20-Feb-2024,0.6531,61.30,4.7008,98.18,0.6065,873.92,0.5189,0.8792,54.20,23.58,1.0637,20.57,3.1297,10226,16023,,,5.1086,0.8821,,,36.65,0.4930
21-Feb-2024,0.6568,61.50,4.7167,98.52,0.6073,876.56,0.5199,0.8822,54.45,23.59,1.0614,20.69,3.1477,10287,16110,,,5.1358,0.8874,,,36.77,0.4954
22-Feb-2024,0.6559,61.40,4.7182,98.58,0.6056,872.50,0.5189,0.8812,54.38,23.53,1.0591,20.69,3.1434,10241,16129,,,5.1306,0.8844,,,36.68,0.4946
23-Feb-2024,0.6572,61.50,4.7292,98.93,0.6071,873.60,0.5189,0.8823,54.46,23.63,1.0597,20.76,3.1401,10243,16176,,,5.1416,0.8858,,,36.71,0.4946
26-Feb-2024,0.6557,61.40,4.7197,98.69,0.6060,872.53,0.5177,0.8816,54.36,23.68,1.0627,20.71,3.1323,10247,16198,,,5.1307,0.8859,,,36.70,0.4941
27-Feb-2024,0.6544,61.30,4.7104,98.46,0.6029,871.19,0.5159,0.8797,54.24,23.51,1.0620,20.69,3.1274,10243,16124,,,5.1196,0.8836,,,36.65,0.4927
28-Feb-2024,0.6519,61.10,4.6931,98.20,0.6018,870.75,0.5147,0.8771,54.06,23.47,1.0666,20.59,3.1034,10220,16048,,,5.1020,0.8830,,,36.62,0.4907
29-Feb-2024,0.6519,61.10,4.6907,97.67,0.6017,869.50,0.5146,0.8767,54.04,23.42,1.0680,20.65,3.1050,10251,16065,,,5.1024,0.8847,,,36.60,0.4915
01-Mar-2024,0.6510,61.00,4.6851,97.90,0.6020,866.74,0.5155,0.8761,53.95,23.38,1.0686,20.58,3.0848,10213,16047,,,5.0959,0.8834,,,36.48,0.4904
04-Mar-2024,0.6520,61.10,4.6936,97.96,0.6013,867.84,0.5148,0.8763,54.04,23.36,1.0694,20.56,3.0830,10249,16095,,,5.1037,0.8842,,,36.52,0.4915
05-Mar-2024,0.6502,60.90,4.6802,97.87,0.5992,867.50,0.5126,0.8737,53.91,23.28,1.0680,20.53,3.0732,10241,16059,,,5.0871,0.8832,,,36.40,0.4895
06-Mar-2024,0.6514,61.00,4.6896,97.67,0.6003,870.38,0.5128,0.8742,54.00,23.31,1.0694,20.58,3.0818,10239,16096,,,5.0964,0.8850,,,36.39,0.4905
07-Mar-2024,0.6586,61.50,4.7405,97.85,0.6040,876.11,0.5170,0.8807,54.52,23.44,1.0712,20.77,3.1007,10307,16271,,,5.1508,0.8896,,,36.76,0.4953
08-Mar-2024,0.6626,61.70,4.7650,97.97,0.6053,875.80,0.5174,0.8829,54.85,23.55,1.0734,20.85,3.1086,10339,16336,,,5.1817,0.8912,,,36.93,0.4975
11-Mar-2024,0.6611,61.50,4.7536,97.12,0.6044,868.93,0.5144,0.8799,54.65,23.44,1.0710,20.80,3.0976,10307,16300,,,5.1697,0.8916,,,36.75,0.4953
12-Mar-2024,0.6615,61.50,4.7479,97.50,0.6048,866.18,0.5160,0.8804,54.74,23.49,1.0719,20.78,3.0975,10313,16299,,,5.1749,0.8914,,,36.60,0.4953
13-Mar-2024,0.6614,61.60,4.7544,97.60,0.6055,869.64,0.5171,0.8812,54.80,23.61,1.0734,20.81,3.0997,10301,16313,,,5.1752,0.8926,,,36.67,0.4956
14-Mar-2024,0.6616,61.60,4.7584,97.86,0.6046,871.82,0.5172,0.8820,54.84,23.59,1.0740,20.85,3.1016,10312,16340,,,5.1745,0.8916,,,36.67,0.4958
15-Mar-2024,0.6567,61.30,4.7259,97.40,0.6038,873.49,0.5155,0.8783,54.45,23.52,1.0760,20.79,3.0881,10262,16243,,,5.1372,0.8890,,,36.50,0.4921
18-Mar-2024,0.6566,61.40,4.7259,97.91,0.6030,875.43,0.5157,0.8787,54.42,23.60,1.0775,20.75,3.0982,10286,16213,,,5.1347,0.8888,,,36.53,0.4931
19-Mar-2024,0.6529,61.20,4.7000,97.90,0.6006,874.21,0.5134,0.8754,54.15,23.52,1.0770,20.74,3.0872,10260,16141,,,5.1060,0.8847,,,36.43,0.4903
20-Mar-2024,0.6526,61.30,4.6982,98.85,0.6005,874.29,0.5131,0.8764,54.19,23.56,1.0805,20.79,3.0923,10271,16170,,,5.1054,0.8861,,,36.62,0.4913
21-Mar-2024,0.6624,62.00,4.7684,99.88,0.6058,878.13,0.5179,0.8860,55.06,23.83,1.0870,21.08,3.1176,10376,16414,,,5.1803,0.8920,,,37.09,0.4991
22-Mar-2024,0.6525,61.40,4.7152,98.91,0.6023,873.57,0.5161,0.8794,54.40,23.74,1.0853,20.87,3.0932,10302,16184,,,5.1016,0.8849,,,36.62,0.4905
25-Mar-2024,0.6528,61.40,4.7026,98.82,0.6038,875.65,0.5178,0.8795,54.46,23.74,1.0884,20.80,3.0864,10314,16165,,,5.1054,0.8878,,,36.77,0.4931
26-Mar-2024,0.6539,61.50,4.7200,98.98,0.6032,876.10,0.5172,0.8794,54.50,23.78,1.0887,20.92,3.0867,10332,16202,,,5.1151,0.8882,,,36.82,0.4933
27-Mar-2024,0.6529,61.50,4.7189,99.04,0.6029,879.76,0.5175,0.8795,54.41,23.78,1.0882,20.90,3.0879,10347,16182,,,5.1076,0.8874,,,36.74,0.4920
28-Mar-2024,0.6532,61.50,4.7193,98.87,0.6035,878.01,0.5171,0.8801,54.46,23.80,1.0901,20.88,3.0926,10369,16206,,,5.1112,0.8868,,,36.72,0.4930
02-Apr-2024,0.6490,61.30,4.6952,98.49,0.6047,877.62,0.5173,0.8781,54.10,23.79,1.0913,20.81,3.0821,10332,16117,,,5.0789,0.8813,,,36.58,0.4903
03-Apr-2024,0.6519,61.50,4.7162,98.83,0.6050,879.08,0.5182,0.8810,54.37,23.91,1.0914,20.88,3.0961,10377,16294,,,5.1032,0.8845,,,36.77,0.4934
04-Apr-2024,0.6587,62.10,4.7645,99.92,0.6075,887.97,0.5206,0.8878,54.96,24.16,1.0927,21.12,3.1222,10467,16466,,,5.1566,0.8903,,,37.18,0.4980
05-Apr-2024,0.6572,62.00,4.7537,99.38,0.6070,888.55,0.5205,0.8868,54.82,24.17,1.0939,21.08,3.1197,10417,16408,,,5.1448,0.8920,,,37.24,0.4953
08-Apr-2024,0.6579,62.10,4.7591,99.86,0.6073,890.79,0.5209,0.8878,54.79,24.11,1.0939,21.13,3.1296,10424,16426,,,5.1510,0.8949,,,37.17,0.4962
09-Apr-2024,0.6608,62.30,4.7800,100.38,0.6085,895.29,0.5221,0.8906,55.05,24.15,1.0939,21.21,3.1395,10470,16488,,,5.1745,0.8972,,,37.33,0.4985
10-Apr-2024,0.6621,62.40,4.7884,100.51,0.6101,897.11,0.5224,0.8905,55.10,24.07,1.0910,21.17,3.1435,10491,16523,,,5.1859,0.8985,,,37.40,0.4988
11-Apr-2024,0.6523,61.70,4.7202,99.79,0.6072,889.61,0.5201,0.8826,54.27,23.88,1.0895,21.02,3.0970,10336,16306,,,5.1120,0.8923,,,36.82,0.4914
12-Apr-2024,0.6526,61.80,4.7227,99.98,0.6092,896.93,0.5203,0.8847,54.41,23.89,1.0893,21.06,3.1119,10340,16314,,,5.1142,0.8947,,,36.86,0.4944
15-Apr-2024,0.6488,61.60,4.6964,99.80,0.6087,897.28,0.5204,0.8823,54.13,23.75,1.0904,20.98,3.0996,10280,16282,,,5.0823,0.8920,,,36.83,0.4930
16-Apr-2024,0.6426,61.20,4.6511,99.19,0.6051,895.29,0.5167,0.8771,53.65,23.53,1.0906,20.91,3.0806,10386,16235,,,5.0299,0.8864,,,36.63,0.4882
17-Apr-2024,0.6408,61.10,4.6395,99.08,0.6038,888.08,0.5158,0.8746,53.53,23.64,1.0867,20.81,3.0714,10410,16267,,,5.0186,0.8864,,,36.72,0.4876
18-Apr-2024,0.6448,61.30,4.6656,99.49,0.6037,886.30,0.5170,0.8763,53.86,23.71,1.0886,20.85,3.0809,10435,16372,,,5.0488,0.8868,,,36.79,0.4903
19-Apr-2024,0.6397,60.90,4.6319,98.72,0.6017,884.44,0.5154,0.8722,53.43,23.60,1.0881,20.81,3.0597,10416,16285,,,5.0093,0.8815,,,36.83,0.4858
22-Apr-2024,0.6434,61.30,4.6603,99.55,0.6034,887.87,0.5195,0.8760,53.67,23.79,1.0888,21.01,3.0787,10433,16375,,,5.0401,0.8833,,,36.98,0.4892
23-Apr-2024,0.6455,61.50,4.6768,99.90,0.6061,889.28,0.5229,0.8798,53.82,23.90,1.0915,21.08,3.0848,10483,16431,,,5.0584,0.8843,,,37.09,0.4911
24-Apr-2024,0.6519,62.00,4.7235,100.97,0.6092,893.04,0.5235,0.8864,54.30,24.05,1.0966,21.22,3.1131,10531,16590,,,5.1066,0.8908,,,37.43,0.4959
26-Apr-2024,0.6539,62.30,4.7383,102.08,0.6096,900.39,0.5229,0.8896,54.49,24.20,1.0964,21.30,3.1230,10610,16563,,,5.1196,0.8923,,,37.81,0.4961
29-Apr-2024,0.6569,62.60,4.7592,103.00,0.6124,905.57,0.5240,0.8937,54.80,24.33,1.0998,21.42,3.1364,10677,16645,,,5.1408,0.8963,,,37.88,0.4986
30-Apr-2024,0.6525,62.20,4.7264,102.33,0.6098,901.27,0.5205,0.8886,54.49,24.18,1.0992,21.26,3.1118,10621,16534,,,5.1057,0.8935,,,37.59,0.4951
01-May-2024,0.6475,61.80,4.6886,102.25,0.6077,894.91,0.5190,0.8843,54.02,24.00,1.0995,21.08,3.0902,10528,16407,,,5.0644,0.8923,,,37.41,0.4913
02-May-2024,0.6541,62.30,4.7364,101.85,0.6104,901.09,0.5219,0.8894,54.59,24.15,1.1025,21.26,3.1184,10600,16601,,,5.1128,0.8975,,,37.64,0.4975
03-May-2024,0.6579,62.30,4.7639,100.65,0.6129,896.15,0.5242,0.8899,54.85,24.20,1.1011,21.27,3.1171,10582,16719,,,5.1400,0.8988,,,37.79,0.4991
06-May-2024,0.6613,62.60,4.7718,101.80,0.6145,901.35,0.5271,0.8941,55.20,24.33,1.1016,21.39,3.1362,10596,16781,,,5.1687,0.9049,,,37.83,0.5003
07-May-2024,0.6600,62.50,4.7634,101.99,0.6135,896.57,0.5263,0.8931,55.11,24.26,1.0982,21.39,3.1301,10595,16771,,,5.1625,0.9030,,,37.77,0.4990
08-May-2024,0.6579,62.40,4.7533,102.09,0.6125,897.88,0.5268,0.8922,54.93,24.32,1.0985,21.34,3.1227,10582,16730,,,5.1431,0.9049,,,37.78,0.4979
09-May-2024,0.6577,62.50,4.7522,102.36,0.6122,900.69,0.5266,0.8916,54.91,24.27,1.0956,21.33,3.1188,10553,16729,,,5.1405,0.9029,,,37.71,0.4983
10-May-2024,0.6610,62.70,4.7755,102.87,0.6134,904.18,0.5279,0.8945,55.19,24.29,1.0971,21.42,3.1327,10606,16824,,,5.1643,0.9046,,,37.89,0.5013
13-May-2024,0.6596,62.60,4.7717,102.80,0.6123,902.44,0.5265,0.8935,55.09,24.27,1.0979,21.40,3.1311,10610,16789,,,5.1546,0.9027,,,38.12,0.4994
14-May-2024,0.6600,62.70,4.7769,103.24,0.6119,903.18,0.5258,0.8938,55.12,24.24,1.0967,21.40,3.1198,10647,16802,,,5.1553,0.9028,,,38.16,0.4998
15-May-2024,0.6648,63.00,4.8019,103.87,0.6140,910.21,0.5277,0.8971,55.51,24.30,1.0967,21.41,3.1259,10686,16922,,,5.1923,0.9067,,,38.26,0.5033
16-May-2024,0.6679,63.00,4.8196,102.98,0.6139,899.07,0.5266,0.8974,55.75,24.11,1.0915,21.42,3.1288,10646,16992,,,5.2122,0.9092,,,38.24,0.5047
17-May-2024,0.6673,63.10,4.8190,103.95,0.6144,904.17,0.5270,0.8987,55.70,24.19,1.0904,21.49,3.1253,10657,16982,,,5.2050,0.9089,,,38.49,0.5031
20-May-2024,0.6704,63.40,4.8471,104.38,0.6162,908.45,0.5276,0.9014,55.87,24.05,1.0929,21.61,3.1408,10712,17064,,,5.2289,0.9121,,,38.72,0.5064
21-May-2024,0.6658,63.10,4.8181,104.12,0.6132,908.26,0.5238,0.8974,55.49,24.18,1.0915,21.51,3.1226,10665,16950,,,5.1936,0.9078,,,38.71,0.5023
22-May-2024,0.6674,63.20,4.8312,104.31,0.6148,908.36,0.5251,0.8989,55.56,24.24,1.0889,21.53,3.1346,10680,16996,,,5.2090,0.9103,,,38.80,0.5037
23-May-2024,0.6621,62.80,4.7965,103.77,0.6118,903.01,0.5204,0.8941,55.14,24.23,1.0827,21.35,3.1201,10589,16862,,,5.1695,0.9061,,,38.53,0.5002
24-May-2024,0.6600,62.70,4.7816,103.67,0.6105,904.05,0.5201,0.8923,54.90,24.25,1.0825,21.30,3.1145,10555,16814,,,5.1553,0.9065,,,38.39,0.4986
27-May-2024,0.6634,62.90,4.8065,103.99,0.6115,905.26,0.5207,0.8955,55.11,24.27,1.0822,21.33,3.1230,10659,16892,,,5.1818,0.9064,,,38.53,0.5013
28-May-2024,0.6667,63.10,4.8312,104.57,0.6131,905.43,0.5218,0.8985,55.44,24.38,1.0827,21.43,3.1272,10732,16970,,,5.2051,0.9085,,,38.63,0.5038
29-May-2024,0.6647,63.10,4.8183,104.50,0.6129,907.81,0.5213,0.8971,55.36,24.37,1.0845,21.47,3.1254,10742,16920,,,5.1932,0.9088,,,38.81,0.5016
30-May-2024,0.6597,62.70,4.7823,103.55,0.6114,909.80,0.5200,0.8926,55.04,24.37,1.0825,21.41,3.1082,10722,16793,,,5.1563,0.9059,,,38.71,0.4985
31-May-2024,0.6637,63.10,4.8068,104.08,0.6134,918.79,0.5218,0.8967,55.29,24.40,1.0831,21.59,3.1240,10784,16896,,,5.1890,0.9071,,,38.85,0.5018
03-Jun-2024,0.6646,63.10,4.8157,104.61,0.6124,914.32,0.5218,0.8979,55.22,24.45,1.0819,21.51,3.1279,10785,16888,,,5.1966,0.9063,,,38.91,0.5022
04-Jun-2024,0.6668,63.20,4.8315,104.15,0.6116,917.78,0.5209,0.8982,55.67,24.38,1.0783,21.62,3.1310,10819,16950,,,5.2130,0.9101,,,39.16,0.5039
05-Jun-2024,0.6658,63.10,4.8242,103.63,0.6120,912.79,0.5213,0.8964,55.54,24.36,1.0770,21.54,3.1289,10833,16923,,,5.1994,0.9105,,,39.09,0.5021
06-Jun-2024,0.6660,63.10,4.8254,103.83,0.6119,914.38,0.5206,0.8969,55.58,24.28,1.0758,21.49,3.1275,10847,16935,,,5.2014,0.9111,,,39.05,0.5025
07-Jun-2024,0.6672,63.20,4.8337,103.76,0.6126,912.72,0.5219,0.8971,55.68,24.26,1.0768,21.54,3.1328,10821,16963,,,5.2106,0.9121,,,39.06,0.5033
11-Jun-2024,0.6602,62.80,4.7886,103.84,0.6133,909.65,0.5183,0.8931,55.13,24.28,1.0781,21.38,3.1178,10757,16788,,,5.1558,0.9084,,,38.73,0.5004
12-Jun-2024,0.6621,63.00,4.8025,104.11,0.6161,911.36,0.5194,0.8954,55.33,24.31,1.0768,21.41,3.1235,10788,16848,,,5.1711,0.9102,,,38.87,0.5018
13-Jun-2024,0.6642,63.10,4.8161,104.33,0.6147,912.25,0.5197,0.8963,55.49,24.34,1.0770,21.48,3.1284,10819,16897,,,5.1871,0.9129,,,38.96,0.5031
14-Jun-2024,0.6626,63.10,4.8073,104.79,0.6175,913.50,0.5200,0.8962,55.36,24.38,1.0779,21.45,3.1225,10848,16840,,,5.1745,0.9108,,,38.82,0.5013
17-Jun-2024,0.6601,62.90,4.7896,103.95,0.6169,911.14,0.5207,0.8931,55.16,24.32,1.0784,21.35,3.1161,10826,16804,,,5.1557,0.9073,,,38.71,0.5009
18-Jun-2024,0.6626,63.10,4.8077,104.58,0.6179,915.16,0.5220,0.8965,55.30,24.35,1.0825,21.46,3.1238,10867,16864,,,5.1738,0.9100,,,38.86,0.5029
19-Jun-2024,0.6670,63.50,4.8401,105.25,0.6212,921.67,0.5250,0.9011,55.62,24.49,1.0870,21.60,3.1406,10915,16976,,,5.2082,0.9151,,,39.16,0.5063
20-Jun-2024,0.6669,63.50,4.8418,105.44,0.6211,923.24,0.5247,0.9013,55.69,24.48,1.0876,21.58,3.1418,10952,16976,,,5.2054,0.9147,,,39.22,0.5062
21-Jun-2024,0.6665,63.60,4.8395,105.95,0.6219,924.76,0.5263,0.9021,55.73,24.44,1.0882,21.55,3.1419,10966,16963,,,5.2000,0.9115,,,39.20,0.5059
24-Jun-2024,0.6641,63.40,4.8225,106.07,0.6207,922.51,0.5251,0.8996,55.46,24.39,1.0860,21.50,3.1296,10914,16905,,,5.1845,0.9092,,,39.05,0.5050
25-Jun-2024,0.6664,63.60,4.8388,106.26,0.6204,924.56,0.5250,0.9010,55.61,24.38,1.0882,21.59,3.1371,10915,16965,,,5.2025,0.9094,,,39.13,0.5061
26-Jun-2024,0.6686,63.90,4.8583,106.86,0.6247,928.93,0.5270,0.9060,55.83,24.60,1.0927,21.78,3.1498,10984,17024,,,5.2214,0.9133,,,39.35,0.5077
27-Jun-2024,0.6666,63.80,4.8454,106.93,0.6232,924.79,0.5274,0.9044,55.66,24.61,1.0948,21.71,3.1467,10946,16975,,,5.2047,0.9128,,,39.24,0.5071
28-Jun-2024,0.6624,63.30,4.8143,106.61,0.6196,913.44,0.5244,0.8997,55.29,24.42,1.0927,21.50,3.1272,10863,16855,,,5.1711,0.9094,,,38.87,0.5038
01-Jul-2024,0.6668,63.70,4.8462,107.39,0.6200,921.13,0.5264,0.9038,55.61,24.50,1.0935,21.68,3.1446,10910,16969,,,5.2085,0.9116,,,39.11,0.5070
02-Jul-2024,0.6646,63.60,4.8324,107.47,0.6193,922.71,0.5259,0.9027,55.51,24.47,1.0976,21.67,3.1366,10887,16917,,,5.1920,0.9139,,,39.09,0.5048
03-Jul-2024,0.6673,63.90,4.8535,108.02,0.6214,928.70,0.5262,0.9059,55.73,24.58,1.0986,21.83,3.1510,10940,16985,,,5.2137,0.9131,,,39.24,0.5076
04-Jul-2024,0.6717,64.20,4.8843,108.47,0.6225,927.81,0.5269,0.9088,56.12,24.58,1.0988,21.86,3.1651,10982,17099,,,5.2448,0.9155,,,39.40,0.5102
05-Jul-2024,0.6734,64.20,4.8939,108.20,0.6223,929.14,0.5273,0.9091,56.23,24.64,1.1003,21.84,3.1707,10982,17121,,,5.2589,0.9162,,,39.43,0.5114
08-Jul-2024,0.6744,64.30,4.9024,108.38,0.6231,931.72,0.5265,0.9096,56.29,24.58,1.0980,21.85,3.1755,10962,17141,,,5.2679,0.9201,,,39.49,0.5122
09-Jul-2024,0.6744,64.30,4.9042,108.52,0.6228,932.16,0.5265,0.9104,56.30,24.57,1.1011,21.93,3.1778,10976,17142,,,5.2678,0.9193,,,39.42,0.5105
10-Jul-2024,0.6744,64.40,4.9067,108.92,0.6234,933.92,0.5272,0.9105,56.31,24.53,1.1076,21.98,3.1739,10959,17146,,,5.2681,0.9195,,,39.34,0.5107
11-Jul-2024,0.6761,64.50,4.9155,109.32,0.6239,932.46,0.5259,0.9112,56.46,24.50,1.1093,21.99,3.1692,10953,17188,,,5.2803,0.9210,,,39.40,0.5121
12-Jul-2024,0.6772,64.40,4.9189,107.70,0.6231,933.37,0.5244,0.9097,56.56,24.49,1.1098,22.02,3.1635,10937,17216,,,5.2862,0.9224,,,39.50,0.5122
15-Jul-2024,0.6775,64.40,4.9189,107.01,0.6218,936.94,0.5222,0.9093,56.60,24.53,1.1107,22.07,3.1668,10960,17212,,,5.2892,0.9253,,,39.67,0.5110
16-Jul-2024,0.6738,64.10,4.8955,106.95,0.6188,933.72,0.5200,0.9063,56.32,24.43,1.1135,21.97,3.1544,10921,17101,,,5.2593,0.9222,,,39.40,0.5076
17-Jul-2024,0.6736,64.00,4.8952,106.36,0.6177,929.45,0.5191,0.9042,56.31,24.22,1.1105,21.95,3.1474,10862,17092,,,5.2583,0.9213,,,39.30,0.5079
18-Jul-2024,0.6739,63.80,4.8890,105.16,0.6162,930.45,0.5179,0.9031,56.34,24.23,1.1093,21.96,3.1441,10883,17040,,,5.2613,0.9219,,,39.25,0.5070
19-Jul-2024,0.6701,63.70,4.8701,105.72,0.6153,929.43,0.5177,0.9011,56.03,24.30,1.1111,21.95,3.1331,10851,16980,,,5.2341,0.9183,,,39.09,0.5042
22-Jul-2024,0.6663,63.40,4.8463,104.64,0.6122,925.18,0.5160,0.8963,55.74,24.17,1.1116,21.91,3.1219,10813,16879,,,5.2033,0.9152,,,38.95,0.5025
23-Jul-2024,0.6633,63.00,4.8250,103.69,0.6091,918.11,0.5131,0.8923,55.48,24.06,1.1112,21.76,3.1003,10745,16818,,,5.1782,0.9131,,,38.70,0.5001
24-Jul-2024,0.6595,62.60,4.7974,101.99,0.6077,912.39,0.5114,0.8868,55.20,23.79,1.1125,21.66,3.0815,10700,16733,,,5.1498,0.9096,,,38.54,0.4975
25-Jul-2024,0.6546,62.00,4.7413,99.98,0.6036,905.98,0.5076,0.8795,54.79,23.66,1.1065,21.50,3.0565,10649,16591,,,5.1093,0.9047,,,38.25,0.4938
26-Jul-2024,0.6555,62.10,4.7498,100.72,0.6037,908.37,0.5096,0.8801,54.88,23.68,1.1127,21.51,3.0546,10681,16583,,,5.1170,0.9054,,,38.32,0.4933
29-Jul-2024,0.6552,62.10,4.7534,100.50,0.6034,905.22,0.5090,0.8793,54.86,23.63,1.1133,21.52,3.0352,10675,16573,,,5.1163,0.9059,,,38.23,0.4940
30-Jul-2024,0.6556,62.20,4.7610,101.40,0.6059,908.14,0.5102,0.8809,54.89,23.58,1.1129,21.54,3.0312,10698,16570,,,5.1210,0.9076,,,38.46,0.4945
31-Jul-2024,0.6491,61.40,4.6958,99.23,0.5996,894.68,0.5053,0.8711,54.35,23.20,1.0989,21.28,2.9911,10571,16407,,,5.0711,0.8985,,,37.96,0.4897
01-Aug-2024,0.6534,61.50,4.7253,97.83,0.6035,890.26,0.5085,0.8726,54.69,23.20,1.0972,21.37,2.9795,10602,16461,,,5.1048,0.9024,,,38.11,0.4919
02-Aug-2024,0.6515,61.20,4.6944,97.07,0.6030,891.62,0.5116,0.8686,54.55,23.08,1.0939,21.33,2.9357,10569,16424,,,5.0899,0.9027,,,37.92,0.4914
06-Aug-2024,0.6511,60.80,4.6549,94.96,0.5947,895.08,0.5098,0.8631,54.63,23.08,1.0982,21.30,2.9120,10540,16372,,,5.0740,0.9000,,,37.67,0.4860
07-Aug-2024,0.6551,61.30,4.7051,96.29,0.6005,902.58,0.5157,0.8700,54.98,23.34,1.0891,21.42,2.9489,10544,16492,,,5.1072,0.9025,,,37.86,0.4907
08-Aug-2024,0.6552,61.10,4.6886,95.64,0.5991,902.05,0.5161,0.8677,55.01,23.20,1.0920,21.27,2.9228,10450,16475,,,5.1030,0.9001,,,37.58,0.4914
09-Aug-2024,0.6592,61.50,4.7251,96.92,0.6037,899.08,0.5169,0.8723,55.32,23.26,1.0939,21.33,2.9351,10492,16553,,,5.1387,0.9053,,,37.74,0.4939
12-Aug-2024,0.6582,61.50,4.7273,96.89,0.6028,902.85,0.5155,0.8719,55.26,23.23,1.0948,21.36,2.9290,10520,16516,,,5.1334,0.9038,,,37.76,0.4934
13-Aug-2024,0.6594,61.60,4.7307,97.36,0.6027,902.82,0.5159,0.8725,55.37,23.19,1.0926,21.36,2.9284,10481,16568,,,5.1355,0.9059,,,37.60,0.4943
14-Aug-2024,0.6634,61.70,4.7430,97.58,0.6036,902.58,0.5158,0.8741,55.67,23.22,1.1024,21.40,2.9355,10405,16643,,,5.1676,0.9101,,,37.87,0.4972
15-Aug-2024,0.6620,61.60,4.7367,97.41,0.6013,900.85,0.5154,0.8721,55.57,23.23,1.1022,21.37,2.9360,10392,16583,,,5.1584,0.9078,,,37.72,0.4942
16-Aug-2024,0.6630,61.90,4.7546,98.73,0.6035,900.35,0.5149,0.8754,55.66,23.28,1.1013,21.43,2.9434,10396,16613,,,5.1680,0.9097,,,37.95,0.4953
19-Aug-2024,0.6684,61.80,4.7688,97.20,0.6051,889.61,0.5156,0.8754,56.09,23.00,1.0993,21.36,2.9239,10412,16717,,,5.2070,0.9135,,,37.88,0.4998
20-Aug-2024,0.6719,62.20,4.8021,98.96,0.6066,897.32,0.5176,0.8803,56.30,23.09,1.0979,21.46,2.9412,10404,16746,,,5.2346,0.9163,,,38.04,0.5010
21-Aug-2024,0.6742,62.30,4.8087,98.21,0.6064,899.44,0.5178,0.8810,56.57,23.08,1.0972,21.54,2.9513,10423,16796,,,5.2523,0.9180,,,38.07,0.5019
22-Aug-2024,0.6740,62.20,4.8074,97.91,0.6049,900.40,0.5151,0.8807,56.58,23.15,1.0952,21.54,2.9518,10516,16804,,,5.2536,0.9156,,,37.97,0.5009
23-Aug-2024,0.6720,62.10,4.7977,97.90,0.6040,899.88,0.5125,0.8792,56.36,23.10,1.0920,21.50,2.9403,10435,16782,,,5.2401,0.9136,,,37.86,0.4988
26-Aug-2024,0.6776,62.30,4.8259,97.62,0.6061,899.32,0.5133,0.8824,56.82,23.06,1.0904,21.57,2.9445,10452,16859,,,5.2820,0.9155,,,38.18,0.5034
27-Aug-2024,0.6787,62.50,4.8354,98.27,0.6077,903.32,0.5143,0.8851,56.97,23.10,1.0906,21.66,2.9547,10516,16842,,,5.2934,0.9152,,,38.20,0.5028
28-Aug-2024,0.6789,62.50,4.8426,98.03,0.6093,908.54,0.5132,0.8857,57.00,23.12,1.0894,21.72,2.9504,10513,16877,,,5.2949,0.9141,,,38.19,0.5031
29-Aug-2024,0.6807,62.60,4.8376,98.43,0.6113,907.17,0.5151,0.8853,57.10,23.12,1.0817,21.71,2.9433,10478,16926,,,5.3078,0.9161,,,38.30,0.5049
30-Aug-2024,0.6806,62.60,4.8261,98.59,0.6144,908.23,0.5168,0.8869,57.07,23.16,1.0872,21.76,2.9375,10522,16933,,,5.3053,0.9179,,,38.22,0.5049
02-Sep-2024,0.6766,62.40,4.8057,98.86,0.6120,906.41,0.5153,0.8838,56.75,23.14,1.0855,21.69,2.9307,10511,16837,,,5.2759,0.9131,,,38.15,0.5024
03-Sep-2024,0.6741,62.30,4.8001,98.63,0.6095,905.17,0.5137,0.8823,56.59,23.10,1.0883,21.64,2.9499,10469,16774,,,5.2557,0.9119,,,38.22,0.5006
04-Sep-2024,0.6704,61.90,4.7688,97.34,0.6063,899.97,0.5112,0.8761,56.29,22.95,1.0843,21.55,2.9146,10376,16661,,,5.2270,0.9075,,,37.92,0.4992
05-Sep-2024,0.6723,61.80,4.7736,96.41,0.6067,898.66,0.5113,0.8757,56.46,22.69,1.0838,21.57,2.9127,10362,16650,,,5.2403,0.9083,,,37.89,0.5001
06-Sep-2024,0.6724,61.60,4.7625,95.89,0.6048,893.46,0.5102,0.8731,56.43,22.55,1.0824,21.44,2.9108,10331,16561,,,5.2402,0.9077,,,37.59,0.4988
09-Sep-2024,0.6668,61.30,4.7418,95.30,0.6024,893.59,0.5084,0.8690,55.97,22.59,1.0821,21.40,2.8999,10297,16423,,,5.1984,0.9047,,,37.55,0.4942
10-Sep-2024,0.6668,61.40,4.7469,95.46,0.6040,895.70,0.5100,0.8704,55.99,22.58,1.0835,21.46,2.9069,10305,16453,,,5.1986,0.9046,,,37.67,0.4959
11-Sep-2024,0.6659,61.20,4.7360,94.09,0.6030,891.72,0.5080,0.8668,55.91,22.39,1.0833,21.39,2.8820,10256,16348,,,5.1916,0.9054,,,37.28,0.4951
12-Sep-2024,0.6693,61.60,4.7649,95.60,0.6072,896.16,0.5127,0.8725,56.21,22.56,1.0872,21.52,2.8997,10317,16418,,,5.2197,0.9082,,,37.49,0.4971
13-Sep-2024,0.6722,61.60,4.7738,94.68,0.6065,893.03,0.5114,0.8730,56.42,22.40,1.0875,21.52,2.8999,10360,16503,,,5.2420,0.9129,,,37.65,0.5000
16-Sep-2024,0.6727,61.50,4.7743,94.27,0.6061,897.08,0.5114,0.8716,56.44,22.34,1.0896,21.41,2.8934,10360,16532,,,5.2444,0.9131,,,37.58,0.4985
17-Sep-2024,0.6748,61.70,4.7892,94.97,0.6065,899.88,0.5110,0.8737,56.58,22.45,1.0909,21.53,2.8875,10350,16610,,,5.2578,0.9174,,,37.61,0.4993
18-Sep-2024,0.6761,61.90,4.7979,95.70,0.6079,901.61,0.5138,0.8752,56.63,22.53,1.0905,21.61,2.8677,10380,16681,,,5.2693,0.9188,,,37.71,0.5002
19-Sep-2024,0.6801,62.20,4.8076,96.97,0.6110,904.36,0.5143,0.8797,56.87,22.61,1.0936,21.72,2.8928,10391,16761,,,5.2995,0.9245,,,37.81,0.5033
20-Sep-2024,0.6818,62.20,4.8030,97.01,0.6107,907.13,0.5129,0.8794,56.96,22.55,1.0923,21.77,2.8516,10297,16731,,,5.3116,0.9247,,,37.84,0.5039
23-Sep-2024,0.6828,62.40,4.8111,98.40,0.6116,911.67,0.5127,0.8812,57.02,22.46,1.0932,21.87,2.8661,10379,16791,,,5.3174,0.9259,,,38.07,0.5051
24-Sep-2024,0.6839,62.50,4.8123,98.54,0.6152,912.21,0.5121,0.8821,57.19,22.54,1.0911,21.86,2.8539,10378,16829,,,5.3221,0.9246,,,38.35,0.5064
25-Sep-2024,0.6880,62.60,4.8281,98.57,0.6145,914.91,0.5130,0.8828,57.47,22.50,1.0872,21.93,2.8394,10378,16894,,,5.3577,0.9243,,,38.49,0.5089
26-Sep-2024,0.6863,62.60,4.8164,99.31,0.6154,911.30,0.5142,0.8827,57.43,22.42,1.0928,21.86,2.8341,10417,16904,,,5.3424,0.9242,,,38.46,0.5068
27-Sep-2024,0.6878,62.70,4.8240,100.60,0.6160,908.14,0.5139,0.8843,57.56,22.32,1.0912,21.81,2.8396,10426,16923,,,5.3514,0.9280,,,38.49,0.5081
30-Sep-2024,0.6932,62.80,4.8613,98.22,0.6208,904.42,0.5177,0.8871,58.07,22.34,1.0887,21.91,2.8456,10483,17033,,,5.3861,0.9362,,,38.81,0.5116
01-Oct-2024,0.6928,63.10,4.8626,99.94,0.6220,910.82,0.5181,0.8911,58.06,22.50,1.0938,22.09,2.8907,10529,17026,,,5.3855,0.9372,,,38.90,0.5108
02-Oct-2024,0.6880,62.70,4.8289,98.87,0.6219,907.44,0.5184,0.8864,57.67,22.49,1.0941,21.91,2.8659,10502,16973,,,5.3447,0.9280,,,38.65,0.5095
03-Oct-2024,0.6865,62.90,4.8183,100.61,0.6224,908.21,0.5207,0.8893,57.63,22.70,1.1012,21.87,2.8946,10581,16987,,,5.3314,0.9284,,,38.64,0.5091
04-Oct-2024,0.6848,62.80,4.8064,100.05,0.6206,913.00,0.5212,0.8875,57.50,22.56,1.1024,21.95,2.8960,10601,16949,,,5.3180,0.9281,,,38.57,0.5093
08-Oct-2024,0.6739,62.20,4.7577,99.77,0.6134,908.77,0.5148,0.8784,56.57,22.59,1.1001,21.69,2.8907,10553,16738,,,5.2347,0.9179,,,38.31,0.5030
09-Oct-2024,0.6746,62.30,4.7675,100.06,0.6153,908.21,0.5156,0.8795,56.63,22.56,1.1088,21.72,2.8903,10527,16752,,,5.2436,0.9216,,,38.49,0.5028
10-Oct-2024,0.6739,62.40,4.7617,100.68,0.6159,909.91,0.5155,0.8808,56.58,22.60,1.1062,21.70,2.8927,10549,16750,,,5.2366,0.9236,,,38.55,0.5030
11-Oct-2024,0.6744,62.40,4.7691,100.29,0.6167,908.89,0.5168,0.8806,56.64,22.46,1.1050,21.70,2.8912,10516,16739,,,5.2410,0.9276,,,38.59,0.5039
14-Oct-2024,0.6738,62.40,4.7674,100.60,0.6168,913.34,0.5160,0.8799,56.65,22.46,1.1059,21.68,2.8926,10498,16741,,,5.2356,0.9283,,,38.68,0.5035
15-Oct-2024,0.6711,62.40,4.7743,100.45,0.6160,914.54,0.5143,0.8794,56.42,22.41,1.1031,21.61,2.8904,10451,16733,,,5.2126,0.9265,,,38.74,0.5015
16-Oct-2024,0.6691,62.10,4.7614,99.87,0.6144,911.91,0.5118,0.8755,56.24,22.31,1.1038,21.54,2.8738,10400,16706,,,5.1980,0.9218,,,38.67,0.5009
17-Oct-2024,0.6691,62.20,4.7657,100.06,0.6165,916.01,0.5153,0.8789,56.21,22.23,1.1039,21.55,2.8835,10383,16818,,,5.1998,0.9210,,,38.63,0.5013
18-Oct-2024,0.6702,62.40,4.7716,100.46,0.6183,919.51,0.5147,0.8804,56.34,22.21,1.1059,21.54,2.8862,10367,16919,,,5.2086,0.9245,,,38.64,0.5026
21-Oct-2024,0.6705,62.30,4.7633,100.13,0.6174,920.57,0.5141,0.8793,56.37,22.31,1.1041,21.41,2.8848,10376,16920,,,5.2108,0.9260,,,38.54,0.5029
22-Oct-2024,0.6687,62.40,4.7638,100.90,0.6181,922.36,0.5144,0.8797,56.22,22.40,1.1040,21.42,2.8905,10404,16968,,,5.1979,0.9247,,,38.70,0.5017
23-Oct-2024,0.6677,62.40,4.7605,101.54,0.6181,922.81,0.5141,0.8799,56.14,22.37,1.1058,21.41,2.8992,10429,16956,,,5.1894,0.9228,,,38.63,0.5016
24-Oct-2024,0.6648,62.10,4.7273,101.20,0.6159,916.53,0.5142,0.8776,55.89,22.43,1.1051,21.31,2.8932,10358,16909,,,5.1643,0.9190,,,38.47,0.5007
25-Oct-2024,0.6621,61.90,4.7174,100.45,0.6118,919.57,0.5107,0.8739,55.67,22.37,1.1050,21.25,2.8791,10351,16824,,,5.1453,0.9173,,,38.60,0.4980
28-Oct-2024,0.6591,61.80,4.7016,101.26,0.6110,912.85,0.5091,0.8730,55.41,22.27,1.1049,21.15,2.8733,10370,16735,,,5.1224,0.9161,,,38.46,0.4954
29-Oct-2024,0.6565,61.50,4.6869,100.41,0.6074,908.20,0.5065,0.8695,55.20,22.16,1.0993,21.07,2.8692,10355,16619,,,5.1022,0.9125,,,38.28,0.4938
30-Oct-2024,0.6543,61.30,4.6692,100.34,0.6049,905.47,0.5034,0.8671,55.01,22.10,1.0982,20.97,2.8747,10296,16575,,,5.0843,0.9109,,,38.17,0.4927
31-Oct-2024,0.6569,61.50,4.6774,100.45,0.6055,905.54,0.5073,0.8688,55.23,22.16,1.0996,21.04,2.8759,10315,16616,,,5.1052,0.9144,,,38.22,0.4941
01-Nov-2024,0.6576,61.50,4.6836,100.28,0.6046,907.21,0.5098,0.8702,55.29,22.27,1.0993,21.02,2.8813,10343,16660,,,5.1137,0.9159,,,38.22,0.4939
04-Nov-2024,0.6609,61.60,4.6850,100.35,0.6064,904.67,0.5088,0.8699,55.57,22.31,1.1000,20.98,2.8832,10403,16717,,,5.1369,0.9187,,,38.48,0.4965
05-Nov-2024,0.6594,61.60,4.6861,100.53,0.6063,909.70,0.5090,0.8701,55.47,22.21,1.1030,21.08,2.8806,10399,16708,,,5.1264,0.9167,,,38.52,0.4940
06-Nov-2024,0.6543,61.50,4.6828,100.46,0.6071,912.66,0.5067,0.8710,55.09,22.27,1.1023,21.02,2.8806,10364,16606,,,5.0882,0.9098,,,38.42,0.4905
07-Nov-2024,0.6622,62.40,4.7503,102.07,0.6167,925.51,0.5125,0.8808,55.84,22.77,1.1072,21.37,2.9220,10451,16830,,,5.1483,0.9201,,,38.91,0.5008
08-Nov-2024,0.6654,62.40,4.7586,101.64,0.6171,922.76,0.5131,0.8798,56.14,22.65,1.1068,21.35,2.9155,10440,16837,,,5.1700,0.9238,,,38.86,0.5021
11-Nov-2024,0.6594,62.10,4.7392,101.27,0.6155,920.79,0.5106,0.8763,55.64,22.61,1.1038,21.32,2.9063,10339,16680,,,5.1280,0.9181,,,38.65,0.4967
12-Nov-2024,0.6555,62.00,4.7402,100.63,0.6158,918.28,0.5103,0.8752,55.33,22.74,1.1000,21.24,2.9029,10333,16617,,,5.0985,0.9140,,,38.56,0.4963
13-Nov-2024,0.6537,61.90,4.7220,101.23,0.6156,920.14,0.5129,0.8747,55.18,22.70,1.1025,21.22,2.9116,10309,16571,,,5.0853,0.9121,,,38.39,0.4960
14-Nov-2024,0.6471,61.60,4.6860,100.99,0.6135,910.20,0.5102,0.8710,54.62,22.65,1.1045,21.08,2.9042,10279,16433,,,5.0364,0.9068,,,38.08,0.4910
15-Nov-2024,0.6466,61.50,4.6772,101.10,0.6134,905.65,0.5101,0.8690,54.58,22.60,1.1034,21.04,2.8961,10274,16420,,,5.0323,0.9092,,,38.06,0.4929
18-Nov-2024,0.6472,61.40,4.6833,100.08,0.6140,901.36,0.5123,0.8686,54.62,22.48,1.1042,21.06,2.8914,10257,16431,,,5.0384,0.9112,,,38.03,0.4923
19-Nov-2024,0.6508,61.70,4.7070,100.50,0.6147,905.26,0.5135,0.8714,54.93,22.50,1.1055,21.11,2.9081,10296,16536,,,5.0640,0.9125,,,38.18,0.4958
20-Nov-2024,0.6528,61.90,4.7274,101.21,0.6163,907.09,0.5145,0.8738,55.11,22.57,1.1048,21.18,2.9177,10355,16593,,,5.0807,0.9111,,,38.44,0.4967
21-Nov-2024,0.6517,61.90,4.7197,101.07,0.6177,910.95,0.5150,0.8749,55.02,22.61,1.1087,21.24,2.9102,10387,16568,,,5.0720,0.9101,,,38.42,0.4963
22-Nov-2024,0.6504,61.80,4.7127,100.43,0.6209,910.23,0.5168,0.8750,54.96,22.59,1.1141,21.16,2.9057,10347,16532,,,5.0623,0.9089,,,38.27,0.4956
25-Nov-2024,0.6525,62.00,4.7272,100.57,0.6227,916.44,0.5180,0.8770,55.03,22.53,1.1144,21.18,2.9066,10355,16582,,,5.0778,0.9100,,,38.47,0.4992
26-Nov-2024,0.6493,61.70,4.7102,99.89,0.6196,908.02,0.5173,0.8751,54.70,22.54,1.1116,21.08,2.8988,10340,16501,,,5.0532,0.9156,,,38.30,0.4955
27-Nov-2024,0.6476,61.50,4.6998,98.64,0.6180,905.06,0.5151,0.8724,54.69,22.50,1.1046,21.07,2.8802,10316,16456,,,5.0392,0.9113,,,38.14,0.4937
28-Nov-2024,0.6492,61.40,4.7052,98.44,0.6151,905.98,0.5125,0.8717,54.83,22.35,1.1016,21.12,2.8854,10297,16453,,,5.0523,0.9104,,,38.06,0.4941
29-Nov-2024,0.6517,61.50,4.7132,97.75,0.6166,908.56,0.5127,0.8731,55.07,22.33,1.1021,21.19,2.8932,10333,16519,,,5.0726,0.9116,,,38.17,0.4960
02-Dec-2024,0.6496,61.50,4.7210,97.82,0.6173,911.88,0.5118,0.8740,55.00,22.42,1.1020,21.18,2.9005,10330,16489,,,5.0558,0.9116,,,38.18,0.4944
03-Dec-2024,0.6469,61.40,4.7171,97.15,0.6170,908.11,0.5116,0.8715,54.82,22.29,1.1011,21.14,2.8916,10320,16434,,,5.0347,0.9091,,,37.95,0.4920
04-Dec-2024,0.6438,61.00,4.6837,96.54,0.6125,909.19,0.5077,0.8661,54.50,22.13,1.0994,20.88,2.8736,10272,16354,,,5.0117,0.9054,,,37.60,0.4898
05-Dec-2024,0.6433,60.90,4.6775,96.76,0.6116,910.84,0.5064,0.8641,54.51,22.09,1.0968,20.87,2.8495,10224,16340,,,5.0070,0.9054,,,37.36,0.4897
06-Dec-2024,0.6430,60.80,4.6657,96.44,0.6080,912.79,0.5044,0.8610,54.45,21.88,1.0971,20.83,2.8437,10190,16316,,,5.0038,0.9024,,,37.17,0.4887
09-Dec-2024,0.6382,60.50,4.6458,95.65,0.6058,916.01,0.5018,0.8574,54.08,21.70,1.0986,20.74,2.8224,10126,16195,,,4.9657,0.9041,,,37.07,0.4843
10-Dec-2024,0.6385,60.50,4.6287,96.50,0.6048,911.36,0.5009,0.8553,54.18,21.59,1.0958,20.71,2.8273,10138,16201,,,4.9634,0.9056,,,36.99,0.4848
11-Dec-2024,0.6374,60.40,4.6204,96.60,0.6056,912.86,0.4993,0.8552,54.09,21.56,1.1003,20.73,2.8221,10137,16174,,,4.9567,0.9029,,,37.15,0.4847
12-Dec-2024,0.6417,60.90,4.6601,97.67,0.6106,919.40,0.5027,0.8621,54.46,21.70,1.1050,20.84,2.8459,10222,16297,,,4.9892,0.9078,,,37.38,0.4886
13-Dec-2024,0.6367,60.60,4.6332,97.38,0.6085,912.17,0.5028,0.8579,54.02,21.65,1.1038,20.70,2.8352,10185,16175,,,4.9505,0.9065,,,37.20,0.4848
16-Dec-2024,0.6377,60.80,4.6419,98.05,0.6065,915.88,0.5047,0.8603,54.10,21.78,1.1031,20.68,2.8443,10215,16188,,,4.9582,0.9071,,,37.39,0.4864
17-Dec-2024,0.6356,60.60,4.6302,97.95,0.6049,913.35,0.5013,0.8584,53.97,21.72,1.1018,20.64,2.8271,10206,16151,,,4.9394,0.9064,,,37.34,0.4849
18-Dec-2024,0.6313,60.20,4.5991,96.87,0.6010,906.55,0.4970,0.8526,53.62,21.63,1.1006,20.53,2.8206,10174,16067,,,4.9048,0.9044,,,37.25,0.4814
19-Dec-2024,0.6226,59.70,4.5443,96.71,0.5998,902.35,0.4947,0.8477,52.96,21.59,1.1059,20.35,2.8036,10138,15851,,,4.8386,0.8988,,,36.73,0.4746
20-Dec-2024,0.6226,59.90,4.5442,97.93,0.6010,903.04,0.4988,0.8473,52.98,21.54,1.1070,20.36,2.8095,10141,15850,,,4.8374,0.8980,,,36.68,0.4771
23-Dec-2024,0.6259,60.00,4.5679,98.02,0.5993,907.00,0.4975,0.8478,53.24,21.44,1.1062,20.46,2.8103,10120,15920,,,4.8633,0.8984,,,36.69,0.4800
24-Dec-2024,0.6240,59.90,4.5546,97.98,0.6002,906.92,0.4976,0.8478,53.15,21.32,1.1054,20.41,2.8018,10112,15881,,,4.8479,0.8974,,,36.48,0.4785
27-Dec-2024,0.6211,59.70,4.5326,97.88,0.5967,915.33,0.4960,0.8448,53.05,21.18,1.1059,20.33,2.7825,10093,15806,,,4.8225,0.8950,,,35.94,0.4763
30-Dec-2024,0.6241,60.00,4.5554,98.48,0.5986,917.85,0.4961,0.8472,53.35,21.20,1.1034,20.46,2.7894,10082,15886,,,4.8443,0.8987,,,36.10,0.4786
31-Dec-2024,0.6217,59.70,4.5373,97.14,0.5974,915.11,0.4956,0.8456,53.21,21.20,1.1045,20.40,2.7787,10031,15855,,,4.8261,0.8922,,,35.96,0.4767
02-Jan-2025,0.6217,59.80,4.5380,97.61,0.5995,911.95,0.4960,0.8458,53.30,21.27,1.1068,20.42,2.7843,10087,15825,,,4.8333,0.8938,,,35.94,0.4767
03-Jan-2025,0.6216,59.90,4.5374,97.78,0.6053,911.89,0.5015,0.8512,53.30,21.40,1.1086,20.48,2.7960,10085,15823,,,4.8360,0.8944,,,36.17,0.4782
06-Jan-2025,0.6223,60.10,4.5605,98.16,0.6032,915.30,0.5003,0.8524,53.40,21.57,1.1069,20.49,2.8091,10080,15800,,,4.8389,0.8964,,,36.30,0.4792
07-Jan-2025,0.6259,60.30,4.5864,98.94,0.6023,908.46,0.4995,0.8540,53.62,21.64,1.1060,20.47,2.8209,10115,15885,,,4.8648,0.8965,,,36.33,0.4797
08-Jan-2025,0.6230,60.10,4.5676,98.58,0.6018,905.80,0.4991,0.8506,53.47,21.57,1.1060,20.48,2.8032,10098,15815,,,4.8446,0.8941,,,36.36,0.4778
09-Jan-2025,0.6199,59.80,4.5449,97.90,0.6013,903.58,0.5026,0.8481,53.27,21.50,1.1076,20.41,2.7889,10058,15736,,,4.8228,0.8913,,,36.18,0.4778
10-Jan-2025,0.6194,59.80,4.5414,98.10,0.6017,906.00,0.5038,0.8480,53.20,21.46,1.1079,20.43,2.7845,10033,15716,,,4.8201,0.8927,,0.5653,36.16,0.4774
13-Jan-2025,0.6133,59.40,4.4965,96.64,0.6006,902.62,0.5052,0.8426,52.97,21.36,1.1050,20.31,2.7660,9987,15590,,,4.7749,0.8857,,0.5628,35.99,0.4727
14-Jan-2025,0.6189,59.80,4.5368,97.47,0.6037,904.82,0.5069,0.8477,53.55,21.48,1.1036,20.47,2.7857,10066,15710,,,4.8176,0.8899,,0.5668,36.25,0.4790
15-Jan-2025,0.6195,59.90,4.5421,97.64,0.6013,904.37,0.5076,0.8475,53.60,21.54,1.1049,20.47,2.7915,10098,15727,,,4.8255,0.8891,,0.5652,36.35,0.4784
16-Jan-2025,0.6206,59.90,4.5500,96.79,0.6033,903.87,0.5079,0.8492,53.67,21.46,1.1068,20.44,2.7943,10167,15751,,,4.8334,0.8909,,0.5664,36.29,0.4782
17-Jan-2025,0.6200,59.80,4.5431,96.35,0.6023,902.75,0.5074,0.8476,53.68,21.36,1.1085,20.41,2.7909,10153,15711,,,4.8288,0.8929,,0.5650,36.33,0.4778
20-Jan-2025,0.6214,59.90,4.5459,96.94,0.6031,901.51,0.5091,0.8481,53.74,21.38,1.1075,20.38,2.7966,10169,15718,,,4.8361,0.8979,,0.5673,36.35,0.4788
21-Jan-2025,0.6249,59.90,4.5411,96.90,0.6014,898.32,0.5081,0.8484,53.99,21.25,1.1050,20.42,2.7971,10210,15786,,,4.8627,0.9011,,0.5668,36.51,0.4815
22-Jan-2025,0.6265,60.00,4.5599,97.61,0.6014,899.27,0.5075,0.8489,54.23,21.24,1.1067,20.54,2.7848,10228,15788,,,4.8797,0.8982,,0.5680,36.71,0.4815
23-Jan-2025,0.6275,60.20,4.5686,98.27,0.6027,901.51,0.5093,0.8505,54.24,21.31,1.1069,20.54,2.7883,10197,15722,,,4.8878,0.9029,,0.5686,36.77,0.4804
24-Jan-2025,0.6316,60.30,4.5791,98.05,0.6045,904.29,0.5096,0.8522,54.50,21.30,1.1075,20.62,2.7828,10231,15837,,,4.9182,0.9058,,0.5720,36.88,0.4846
28-Jan-2025,0.6253,59.80,4.5300,97.41,0.5993,894.49,0.5025,0.8458,54.10,21.18,1.1050,20.44,2.7501,10113,15683,,,4.8701,0.9002,,0.5662,36.60,0.4769
29-Jan-2025,0.6237,59.60,4.5185,96.86,0.5975,892.20,0.5008,0.8415,54.00,21.03,1.1016,20.39,2.7408,10087,15643,,,4.8584,0.8979,,0.5635,36.44,0.4776
30-Jan-2025,0.6225,59.50,4.5098,96.24,0.5975,890.49,0.5002,0.8403,53.89,21.03,1.1020,20.35,2.7356,10125,15613,,,4.8504,0.8976,,0.5645,36.34,0.4770
31-Jan-2025,0.6225,59.60,4.5098,96.14,0.5992,905.71,0.5012,0.8434,53.94,20.97,1.1029,20.35,2.7574,10149,15613,,,4.8505,0.9014,,0.5665,36.32,0.4769
03-Feb-2025,0.6116,58.90,4.4308,95.23,0.5980,898.15,0.4989,0.8366,53.31,20.85,1.1042,20.31,2.7461,10063,15495,,,4.7673,0.9020,,0.5606,35.89,0.4691
04-Feb-2025,0.6190,59.40,4.4844,96.10,0.6006,904.48,0.4989,0.8417,53.87,20.98,1.1058,20.41,2.7592,10118,15602,,,4.8220,0.8964,,0.5647,36.10,0.4770
05-Feb-2025,0.6249,59.80,4.5518,95.83,0.6021,905.31,0.5010,0.8454,54.44,21.08,1.1048,20.56,2.7696,10198,15738,,,4.8677,0.8960,,0.5657,36.33,0.4801
06-Feb-2025,0.6263,59.90,4.5631,95.42,0.6029,907.12,0.5015,0.8463,54.83,21.09,1.1052,20.59,2.7745,10224,15811,,,4.8774,0.8987,,0.5655,36.40,0.4789
07-Feb-2025,0.6284,60.10,4.5781,95.32,0.6054,909.42,0.5056,0.8493,54.97,21.16,1.1067,20.61,2.7907,10259,15917,,,4.8928,0.8999,,0.5695,36.43,0.4817
10-Feb-2025,0.6272,60.20,4.5824,95.28,0.6081,910.71,0.5059,0.8497,55.01,21.22,1.1089,20.60,2.8033,10253,15915,,,4.8849,0.8997,,0.5716,36.45,0.4802
11-Feb-2025,0.6275,60.20,4.5850,95.37,0.6090,912.03,0.5077,0.8509,54.52,21.38,1.1118,20.60,2.8051,10275,15986,,,4.8887,0.8995,,0.5720,36.53,0.4816
12-Feb-2025,0.6290,60.40,4.5972,96.67,0.6073,914.82,0.5055,0.8519,54.56,21.42,1.1125,20.67,2.8107,10294,16099,,,4.9009,0.8993,,0.5747,36.59,0.4829
13-Feb-2025,0.6296,60.30,4.5884,97.19,0.6034,911.83,0.5042,0.8493,54.67,21.32,1.1130,20.64,2.8061,10300,16023,,,4.9028,0.8980,,0.5738,36.62,0.4826
14-Feb-2025,0.6321,60.40,4.6043,96.48,0.6046,912.47,0.5034,0.8496,54.90,21.29,1.1115,20.71,2.8068,10289,16068,,,4.9216,0.8966,,0.5715,36.62,0.4841
17-Feb-2025,0.6369,60.60,4.6155,96.60,0.6068,917.12,0.5056,0.8526,55.25,21.46,1.1096,20.81,2.8211,10327,16205,,,4.9551,0.9023,,0.5729,36.91,0.4860
18-Feb-2025,0.6353,60.70,4.6215,96.66,0.6075,917.34,0.5043,0.8535,55.25,21.44,1.1132,20.81,2.8255,10337,16245,,,4.9416,0.9026,,0.5736,36.99,0.4848
19-Feb-2025,0.6364,60.80,4.6352,96.59,0.6089,915.72,0.5044,0.8540,55.33,21.45,1.1126,20.85,2.8285,10415,16247,,,4.9478,0.9025,,0.5748,36.98,0.4855
20-Feb-2025,0.6363,60.60,4.6228,95.60,0.6101,914.78,0.5052,0.8525,55.22,21.41,1.1128,20.83,2.8191,10391,16247,,,4.9500,0.9051,,0.5745,36.91,0.4861
21-Feb-2025,0.6397,60.80,4.6328,96.17,0.6093,916.98,0.5051,0.8539,55.40,21.50,1.1096,20.94,2.8278,10429,16303,,,4.9714,0.9067,,0.5746,37.05,0.4879
24-Feb-2025,0.6381,60.50,4.6165,95.24,0.6068,909.99,0.5033,0.8502,55.31,21.36,1.1078,20.88,2.8076,10406,16262,,,4.9591,0.9056,,0.5717,36.91,0.4860
25-Feb-2025,0.6351,60.40,4.6077,95.00,0.6064,909.11,0.5027,0.8498,55.17,21.36,1.1076,20.81,2.8030,10365,16182,,,4.9376,0.9052,,0.5698,36.76,0.4837
26-Feb-2025,0.6328,60.20,4.5931,94.57,0.6028,906.96,0.5006,0.8469,55.18,21.39,1.1080,20.76,2.8001,10370,16165,,,4.9179,0.9068,,0.5657,36.64,0.4817
27-Feb-2025,0.6288,59.90,4.5707,93.75,0.6010,906.86,0.4969,0.8435,54.89,21.32,1.1078,20.65,2.7953,10339,16072,,,4.8892,0.9029,,0.5640,36.42,0.4786
28-Feb-2025,0.6214,59.50,4.5278,92.97,0.5982,907.39,0.4938,0.8382,54.31,21.23,1.1096,20.40,2.7739,10300,15882,,,4.8336,0.8978,,0.5588,36.02,0.4732
03-Mar-2025,0.6220,59.50,4.5326,93.51,0.5969,908.28,0.4935,0.8393,54.33,21.32,1.1101,20.46,2.7772,10256,15926,,,4.8373,0.8982,,0.5608,36.03,0.4751
04-Mar-2025,0.6191,59.10,4.5063,92.34,0.5908,904.47,0.4877,0.8334,54.10,21.05,1.1051,20.39,2.7658,10184,15840,,,4.8130,0.8983,,0.5547,35.79,0.4722
05-Mar-2025,0.6250,59.50,4.5384,93.64,0.5886,910.41,0.4888,0.8372,54.47,21.11,1.1068,20.51,2.7800,10214,15959,,,4.8574,0.9019,,0.5568,35.93,0.4744
06-Mar-2025,0.6347,60.10,4.5970,94.70,0.5875,915.43,0.4920,0.8453,55.26,21.33,1.1061,20.84,2.8101,10361,16168,,,4.9323,0.9092,,0.5654,36.30,0.4800
07-Mar-2025,0.6306,59.70,4.5678,93.13,0.5832,911.78,0.4894,0.8405,54.99,21.25,1.1030,20.73,2.7942,10306,16093,,,4.9017,0.9020,,0.5563,36.10,0.4746
10-Mar-2025,0.6307,59.80,4.5772,93.11,0.5822,916.73,0.4886,0.8403,55.01,21.32,1.1038,20.73,2.7874,10299,16101,,,4.9013,0.9061,,0.5543,36.18,0.4738
11-Mar-2025,0.6277,59.50,4.5484,92.27,0.5782,914.31,0.4868,0.8367,54.79,21.29,1.1022,20.66,2.7817,10312,16000,,,4.8762,0.9056,,0.5517,35.99,0.4716
12-Mar-2025,0.6289,59.60,4.5510,93.17,0.5770,913.57,0.4866,0.8381,54.84,21.29,1.1024,20.71,2.7882,10345,16009,,,4.8867,0.9088,,0.5558,36.07,0.4717
13-Mar-2025,0.6310,59.70,4.5657,93.31,0.5792,917.05,0.4868,0.8405,54.91,21.32,1.1014,20.79,2.7953,10355,16075,,,4.9036,0.9079,,0.5562,36.16,0.4736
14-Mar-2025,0.6294,59.70,4.5580,93.47,0.5806,915.15,0.4864,0.8408,54.76,21.20,1.1023,20.75,2.7977,10321,16062,,,4.8918,0.9082,,0.5565,36.01,0.4729
17-Mar-2025,0.6326,59.90,4.5804,94.27,0.5813,915.21,0.4891,0.8441,54.96,21.31,1.0985,20.87,2.8132,10365,16153,,,4.9161,0.9093,,0.5596,36.22,0.4748
18-Mar-2025,0.6375,60.30,4.6110,95.34,0.5842,923.93,0.4913,0.8493,55.28,21.41,1.0955,21.04,2.8340,10487,16284,,,4.9532,0.9118,,0.5616,36.52,0.4782
19-Mar-2025,0.6357,60.20,4.6005,95.06,0.5816,924.02,0.4895,0.8468,55.03,21.38,1.0941,20.98,2.8177,10512,16239,,,4.9400,0.9098,,0.5577,36.38,0.4769
20-Mar-2025,0.6344,60.00,4.5905,94.14,0.5819,926.00,0.4879,0.8446,54.70,21.32,1.0953,20.94,2.8079,10451,16214,,,4.9296,0.9091,,0.5563,36.25,0.4761
21-Mar-2025,0.6289,59.70,4.5602,93.97,0.5807,922.66,0.4860,0.8403,54.25,21.28,1.0939,20.77,2.7819,10383,16084,,,4.8879,0.9014,,0.5557,36.07,0.4726
24-Mar-2025,0.6278,59.60,4.5575,94.03,0.5800,921.38,0.4860,0.8396,53.97,21.32,1.0970,20.74,2.7849,10400,16103,,,4.8803,0.9006,,0.5547,36.02,0.4719
25-Mar-2025,0.6287,59.80,4.5649,94.65,0.5819,923.97,0.4865,0.8416,53.87,21.38,1.0985,20.77,2.7911,10440,16115,,,4.8880,0.9005,,0.5550,36.06,0.4731
26-Mar-2025,0.6311,60.00,4.5848,95.01,0.5852,925.33,0.4879,0.8447,54.12,21.46,1.0981,20.89,2.7942,10464,16150,,,4.9064,0.9009,,0.5578,36.41,0.4752
27-Mar-2025,0.6313,60.00,4.5841,94.83,0.5856,925.17,0.4886,0.8452,54.17,21.41,1.0994,20.88,2.7973,10447,16149,,,4.9087,0.9006,,0.5571,36.33,0.4759
28-Mar-2025,0.6284,59.80,4.5655,94.81,0.5825,921.83,0.4856,0.8429,53.80,21.33,1.0998,20.83,2.7860,10406,16074,,,4.8871,0.8994,,0.5546,36.08,0.4739
31-Mar-2025,0.6280,59.60,4.5548,93.62,0.5796,923.63,0.4847,0.8421,53.67,21.31,1.1004,20.86,2.7873,10400,16049,,,4.8850,0.8990,,0.5521,35.98,0.4738
01-Apr-2025,0.6269,59.60,4.5550,93.76,0.5791,921.57,0.4845,0.8415,53.58,21.33,1.1021,20.84,2.7824,10381,16071,,,4.8784,0.9011,,0.5535,35.88,0.4718
02-Apr-2025,0.6299,59.90,4.5791,94.43,0.5836,923.08,0.4876,0.8463,53.94,21.51,1.1008,20.91,2.8024,10431,16154,,,4.9011,0.9011,,0.5566,36.06,0.4746
03-Apr-2025,0.6266,59.50,4.5737,92.45,0.5744,920.41,0.4798,0.8425,53.68,21.52,1.0934,20.74,2.7971,10376,16173,,,4.8771,0.8933,,0.5490,35.83,0.4721
04-Apr-2025,0.6234,58.80,4.5395,90.67,0.5621,896.67,0.4760,0.8306,53.06,21.26,1.0906,20.63,2.7554,10324,16068,,,4.8471,0.8791,,0.5319,35.43,0.4653
07-Apr-2025,0.6017,57.10,4.3984,87.69,0.5460,881.35,0.4655,0.8100,51.57,20.58,1.0812,19.94,2.6863,9964,15515,,,4.6736,0.8554,,0.5119,34.49,0.4493
08-Apr-2025,0.6069,57.80,4.4492,89.58,0.5533,893.96,0.4748,0.8178,52.14,21.00,1.0822,20.02,2.7207,10226,15746,,,4.7161,0.8596,,0.5206,34.70,0.4551
09-Apr-2025,0.5975,56.90,4.3916,86.70,0.5401,885.35,0.4654,0.8063,51.71,20.79,1.0787,19.75,2.6867,10131,15544,,,4.6355,0.8503,,0.5027,34.25,0.4490
10-Apr-2025,0.6199,58.90,4.5514,90.88,0.5643,904.16,0.4821,0.8305,53.74,21.15,1.0877,20.36,2.7747,10399,16008,,,4.8120,0.8719,,0.5290,35.48,0.4641
11-Apr-2025,0.6197,58.40,4.5375,88.98,0.5492,897.60,0.4765,0.8223,53.35,20.88,1.0734,20.30,2.7493,10413,15932,,,4.8068,0.8661,,0.5094,35.33,0.4627
14-Apr-2025,0.6303,59.10,4.6050,89.98,0.5536,899.63,0.4802,0.8289,54.24,21.20,1.0765,20.47,2.7847,10582,16282,,,4.8896,0.8737,,0.5147,35.96,0.4661
15-Apr-2025,0.6352,59.60,4.6427,90.88,0.5596,904.82,0.4811,0.8352,54.46,21.36,1.0753,20.61,2.8015,10675,16456,,,4.9278,0.8811,,0.5189,36.15,0.4688
16-Apr-2025,0.6353,59.50,4.6533,90.30,0.5582,904.30,0.4781,0.8343,54.39,21.12,1.0722,20.63,2.8055,10700,16436,,,4.9285,0.8847,,0.5166,35.93,0.4694
17-Apr-2025,0.6341,59.40,4.6347,90.51,0.5586,899.58,0.4800,0.8336,54.27,21.13,1.0731,20.61,2.7999,10675,16407,,,4.9218,0.8808,,0.5189,35.99,0.4681
22-Apr-2025,0.6437,60.00,4.7036,90.07,0.5577,913.22,0.4797,0.8397,54.76,21.34,1.0684,20.89,2.8178,10851,16681,,,4.9943,0.8882,,0.5199,36.45,0.4718
